keyword,category
특수강간,성범죄
특수강간변호사,성범죄
특수강간전문변호사,성범죄
특수강간변호사상담,성범죄
특수강간상담,성범죄
특수강간처벌,성범죄
특수강간초범,성범죄
특수강간초범처벌,성범죄
특수강간합의,성범죄
특수강간합의금,성범죄
특수강간무혐의,성범죄
특수강간혐의없음,성범죄
특수강간집행유예,성범죄
특수강간집유,성범죄
특수강간벌금,성범죄
특수강간벌금형,성범죄
특수강간실형,성범죄
특수강간구속,성범죄
특수강간고소,성범죄
특수강간고소당함,성범죄
특수강간형량,성범죄
특수강간기소유예,성범죄
특수강간불기소,성범죄
특수강간경찰조사,성범죄
특수강간조사,성범죄
특수강간소환,성범죄
특수강간혐의,성범죄
특수강간선처,성범죄
특수강간탄원서,성범죄
특수강간반성문,성범죄
특수강간공탁,성범죄
특수강간재판,성범죄
특수강간무죄,성범죄
특수강간카톡상담,성범죄
특수강간전화상담,성범죄
특수강간비용,성범죄
특수강간수임료,성범죄
특수강간신상등록,성범죄
특수강간취업제한,성범죄
서울특수강간변호사,성범죄
서울특수강간상담,성범죄
강남특수강간변호사,성범죄
강남특수강간상담,성범죄
수원특수강간변호사,성범죄
수원특수강간상담,성범죄
성남특수강간변호사,성범죄
성남특수강간상담,성범죄
분당특수강간변호사,성범죄
분당특수강간상담,성범죄
용인특수강간변호사,성범죄
용인특수강간상담,성범죄
부천특수강간변호사,성범죄
부천특수강간상담,성범죄
안양특수강간변호사,성범죄
안양특수강간상담,성범죄
특수강제추행,성범죄
특수강제추행변호사,성범죄
특수강제추행전문변호사,성범죄
특수강제추행변호사상담,성범죄
특수강제추행상담,성범죄
특수강제추행처벌,성범죄
특수강제추행초범,성범죄
특수강제추행초범처벌,성범죄
특수강제추행합의,성범죄
특수강제추행합의금,성범죄
특수강제추행무혐의,성범죄
특수강제추행혐의없음,성범죄
특수강제추행집행유예,성범죄
특수강제추행집유,성범죄
특수강제추행벌금,성범죄
특수강제추행벌금형,성범죄
특수강제추행실형,성범죄
특수강제추행구속,성범죄
특수강제추행고소,성범죄
특수강제추행고소당함,성범죄
특수강제추행형량,성범죄
특수강제추행기소유예,성범죄
특수강제추행불기소,성범죄
특수강제추행경찰조사,성범죄
특수강제추행조사,성범죄
특수강제추행소환,성범죄
특수강제추행혐의,성범죄
특수강제추행선처,성범죄
특수강제추행탄원서,성범죄
특수강제추행반성문,성범죄
특수강제추행공탁,성범죄
특수강제추행재판,성범죄
특수강제추행무죄,성범죄
특수강제추행카톡상담,성범죄
특수강제추행전화상담,성범죄
특수강제추행비용,성범죄
특수강제추행수임료,성범죄
특수강제추행신상등록,성범죄
특수강제추행취업제한,성범죄
서울특수강제추행변호사,성범죄
서울특수강제추행상담,성범죄
강남특수강제추행변호사,성범죄
강남특수강제추행상담,성범죄
수원특수강제추행변호사,성범죄
수원특수강제추행상담,성범죄
성남특수강제추행변호사,성범죄
성남특수강제추행상담,성범죄
분당특수강제추행변호사,성범죄
분당특수강제추행상담,성범죄
용인특수강제추행변호사,성범죄
용인특수강제추행상담,성범죄
부천특수강제추행변호사,성범죄
부천특수강제추행상담,성범죄
안양특수강제추행변호사,성범죄
안양특수강제추행상담,성범죄
위계간음,성범죄
위계간음변호사,성범죄
위계간음전문변호사,성범죄
위계간음변호사상담,성범죄
위계간음상담,성범죄
위계간음처벌,성범죄
위계간음초범,성범죄
위계간음초범처벌,성범죄
위계간음합의,성범죄
위계간음합의금,성범죄
위계간음무혐의,성범죄
위계간음혐의없음,성범죄
위계간음집행유예,성범죄
위계간음집유,성범죄
위계간음벌금,성범죄
위계간음벌금형,성범죄
위계간음실형,성범죄
위계간음구속,성범죄
위계간음고소,성범죄
위계간음고소당함,성범죄
위계간음형량,성범죄
위계간음기소유예,성범죄
위계간음불기소,성범죄
위계간음경찰조사,성범죄
위계간음조사,성범죄
위계간음소환,성범죄
위계간음혐의,성범죄
위계간음선처,성범죄
위계간음탄원서,성범죄
위계간음반성문,성범죄
위계간음공탁,성범죄
위계간음재판,성범죄
위계간음무죄,성범죄
위계간음카톡상담,성범죄
위계간음전화상담,성범죄
위계간음비용,성범죄
위계간음수임료,성범죄
위계간음신상등록,성범죄
위계간음취업제한,성범죄
서울위계간음변호사,성범죄
서울위계간음상담,성범죄
강남위계간음변호사,성범죄
강남위계간음상담,성범죄
수원위계간음변호사,성범죄
수원위계간음상담,성범죄
성남위계간음변호사,성범죄
성남위계간음상담,성범죄
분당위계간음변호사,성범죄
분당위계간음상담,성범죄
용인위계간음변호사,성범죄
용인위계간음상담,성범죄
부천위계간음변호사,성범죄
부천위계간음상담,성범죄
안양위계간음변호사,성범죄
안양위계간음상담,성범죄
위력간음,성범죄
위력간음변호사,성범죄
위력간음전문변호사,성범죄
위력간음변호사상담,성범죄
위력간음상담,성범죄
위력간음처벌,성범죄
위력간음초범,성범죄
위력간음초범처벌,성범죄
위력간음합의,성범죄
위력간음합의금,성범죄
위력간음무혐의,성범죄
위력간음혐의없음,성범죄
위력간음집행유예,성범죄
위력간음집유,성범죄
위력간음벌금,성범죄
위력간음벌금형,성범죄
위력간음실형,성범죄
위력간음구속,성범죄
위력간음고소,성범죄
위력간음고소당함,성범죄
위력간음형량,성범죄
위력간음기소유예,성범죄
위력간음불기소,성범죄
위력간음경찰조사,성범죄
위력간음조사,성범죄
위력간음소환,성범죄
위력간음혐의,성범죄
위력간음선처,성범죄
위력간음탄원서,성범죄
위력간음반성문,성범죄
위력간음공탁,성범죄
위력간음재판,성범죄
위력간음무죄,성범죄
위력간음카톡상담,성범죄
위력간음전화상담,성범죄
위력간음비용,성범죄
위력간음수임료,성범죄
위력간음신상등록,성범죄
위력간음취업제한,성범죄
서울위력간음변호사,성범죄
서울위력간음상담,성범죄
강남위력간음변호사,성범죄
강남위력간음상담,성범죄
수원위력간음변호사,성범죄
수원위력간음상담,성범죄
성남위력간음변호사,성범죄
성남위력간음상담,성범죄
분당위력간음변호사,성범죄
분당위력간음상담,성범죄
용인위력간음변호사,성범죄
용인위력간음상담,성범죄
부천위력간음변호사,성범죄
부천위력간음상담,성범죄
안양위력간음변호사,성범죄
안양위력간음상담,성범죄
공중밀집장소추행변호사,성범죄
공중밀집장소추행전문변호사,성범죄
공중밀집장소추행변호사상담,성범죄
공중밀집장소추행상담,성범죄
공중밀집장소추행처벌,성범죄
공중밀집장소추행초범,성범죄
공중밀집장소추행초범처벌,성범죄
공중밀집장소추행합의,성범죄
공중밀집장소추행합의금,성범죄
공중밀집장소추행무혐의,성범죄
공중밀집장소추행혐의없음,성범죄
공중밀집장소추행집행유예,성범죄
공중밀집장소추행집유,성범죄
공중밀집장소추행벌금,성범죄
공중밀집장소추행벌금형,성범죄
공중밀집장소추행실형,성범죄
공중밀집장소추행구속,성범죄
공중밀집장소추행고소,성범죄
공중밀집장소추행고소당함,성범죄
공중밀집장소추행형량,성범죄
공중밀집장소추행기소유예,성범죄
공중밀집장소추행불기소,성범죄
공중밀집장소추행경찰조사,성범죄
공중밀집장소추행조사,성범죄
공중밀집장소추행소환,성범죄
공중밀집장소추행혐의,성범죄
공중밀집장소추행선처,성범죄
공중밀집장소추행탄원서,성범죄
공중밀집장소추행반성문,성범죄
공중밀집장소추행공탁,성범죄
공중밀집장소추행재판,성범죄
공중밀집장소추행무죄,성범죄
공중밀집장소추행카톡상담,성범죄
공중밀집장소추행전화상담,성범죄
공중밀집장소추행비용,성범죄
공중밀집장소추행수임료,성범죄
공중밀집장소추행신상등록,성범죄
공중밀집장소추행취업제한,성범죄
서울공중밀집장소추행변호사,성범죄
서울공중밀집장소추행상담,성범죄
강남공중밀집장소추행변호사,성범죄
강남공중밀집장소추행상담,성범죄
수원공중밀집장소추행변호사,성범죄
수원공중밀집장소추행상담,성범죄
성남공중밀집장소추행변호사,성범죄
성남공중밀집장소추행상담,성범죄
분당공중밀집장소추행변호사,성범죄
분당공중밀집장소추행상담,성범죄
용인공중밀집장소추행변호사,성범죄
용인공중밀집장소추행상담,성범죄
부천공중밀집장소추행변호사,성범죄
부천공중밀집장소추행상담,성범죄
안양공중밀집장소추행변호사,성범죄
안양공중밀집장소추행상담,성범죄
지하철추행,성범죄
지하철추행변호사,성범죄
지하철추행전문변호사,성범죄
지하철추행변호사상담,성범죄
지하철추행상담,성범죄
지하철추행처벌,성범죄
지하철추행초범,성범죄
지하철추행초범처벌,성범죄
지하철추행합의,성범죄
지하철추행합의금,성범죄
지하철추행무혐의,성범죄
지하철추행혐의없음,성범죄
지하철추행집행유예,성범죄
지하철추행집유,성범죄
지하철추행벌금,성범죄
지하철추행벌금형,성범죄
지하철추행실형,성범죄
지하철추행구속,성범죄
지하철추행고소,성범죄
지하철추행고소당함,성범죄
지하철추행형량,성범죄
지하철추행기소유예,성범죄
지하철추행불기소,성범죄
지하철추행경찰조사,성범죄
지하철추행조사,성범죄
지하철추행소환,성범죄
지하철추행혐의,성범죄
지하철추행선처,성범죄
지하철추행탄원서,성범죄
지하철추행반성문,성범죄
지하철추행공탁,성범죄
지하철추행재판,성범죄
지하철추행무죄,성범죄
지하철추행카톡상담,성범죄
지하철추행전화상담,성범죄
지하철추행비용,성범죄
지하철추행수임료,성범죄
지하철추행신상등록,성범죄
지하철추행취업제한,성범죄
서울지하철추행변호사,성범죄
서울지하철추행상담,성범죄
강남지하철추행변호사,성범죄
강남지하철추행상담,성범죄
수원지하철추행변호사,성범죄
수원지하철추행상담,성범죄
성남지하철추행변호사,성범죄
성남지하철추행상담,성범죄
분당지하철추행변호사,성범죄
분당지하철추행상담,성범죄
용인지하철추행변호사,성범죄
용인지하철추행상담,성범죄
부천지하철추행변호사,성범죄
부천지하철추행상담,성범죄
안양지하철추행변호사,성범죄
안양지하철추행상담,성범죄
업무상위력추행,성범죄
업무상위력추행변호사,성범죄
업무상위력추행전문변호사,성범죄
업무상위력추행변호사상담,성범죄
업무상위력추행상담,성범죄
업무상위력추행처벌,성범죄
업무상위력추행초범,성범죄
업무상위력추행초범처벌,성범죄
업무상위력추행합의,성범죄
업무상위력추행합의금,성범죄
업무상위력추행무혐의,성범죄
업무상위력추행혐의없음,성범죄
업무상위력추행집행유예,성범죄
업무상위력추행집유,성범죄
업무상위력추행벌금,성범죄
업무상위력추행벌금형,성범죄
업무상위력추행실형,성범죄
업무상위력추행구속,성범죄
업무상위력추행고소,성범죄
업무상위력추행고소당함,성범죄
업무상위력추행형량,성범죄
업무상위력추행기소유예,성범죄
업무상위력추행불기소,성범죄
업무상위력추행경찰조사,성범죄
업무상위력추행조사,성범죄
업무상위력추행소환,성범죄
업무상위력추행혐의,성범죄
업무상위력추행선처,성범죄
업무상위력추행탄원서,성범죄
업무상위력추행반성문,성범죄
업무상위력추행공탁,성범죄
업무상위력추행재판,성범죄
업무상위력추행무죄,성범죄
업무상위력추행카톡상담,성범죄
업무상위력추행전화상담,성범죄
업무상위력추행비용,성범죄
업무상위력추행수임료,성범죄
업무상위력추행신상등록,성범죄
업무상위력추행취업제한,성범죄
서울업무상위력추행변호사,성범죄
서울업무상위력추행상담,성범죄
강남업무상위력추행변호사,성범죄
강남업무상위력추행상담,성범죄
수원업무상위력추행변호사,성범죄
수원업무상위력추행상담,성범죄
성남업무상위력추행변호사,성범죄
성남업무상위력추행상담,성범죄
분당업무상위력추행변호사,성범죄
분당업무상위력추행상담,성범죄
용인업무상위력추행변호사,성범죄
용인업무상위력추행상담,성범죄
부천업무상위력추행변호사,성범죄
부천업무상위력추행상담,성범죄
안양업무상위력추행변호사,성범죄
안양업무상위력추행상담,성범죄
성착취협박,성범죄
성착취협박변호사,성범죄
성착취협박전문변호사,성범죄
성착취협박변호사상담,성범죄
성착취협박상담,성범죄
성착취협박처벌,성범죄
성착취협박초범,성범죄
성착취협박초범처벌,성범죄
성착취협박합의,성범죄
성착취협박합의금,성범죄
성착취협박무혐의,성범죄
성착취협박혐의없음,성범죄
성착취협박집행유예,성범죄
성착취협박집유,성범죄
성착취협박벌금,성범죄
성착취협박벌금형,성범죄
성착취협박실형,성범죄
성착취협박구속,성범죄
성착취협박고소,성범죄
성착취협박고소당함,성범죄
성착취협박형량,성범죄
성착취협박기소유예,성범죄
성착취협박불기소,성범죄
성착취협박경찰조사,성범죄
성착취협박조사,성범죄
성착취협박소환,성범죄
성착취협박혐의,성범죄
성착취협박선처,성범죄
성착취협박탄원서,성범죄
성착취협박반성문,성범죄
성착취협박공탁,성범죄
성착취협박재판,성범죄
성착취협박무죄,성범죄
성착취협박카톡상담,성범죄
성착취협박전화상담,성범죄
성착취협박비용,성범죄
성착취협박수임료,성범죄
성착취협박신상등록,성범죄
성착취협박취업제한,성범죄
서울성착취협박변호사,성범죄
서울성착취협박상담,성범죄
강남성착취협박변호사,성범죄
강남성착취협박상담,성범죄
수원성착취협박변호사,성범죄
수원성착취협박상담,성범죄
성남성착취협박변호사,성범죄
성남성착취협박상담,성범죄
분당성착취협박변호사,성범죄
분당성착취협박상담,성범죄
용인성착취협박변호사,성범죄
용인성착취협박상담,성범죄
부천성착취협박변호사,성범죄
부천성착취협박상담,성범죄
안양성착취협박변호사,성범죄
안양성착취협박상담,성범죄
공연음란,성범죄
공연음란변호사,성범죄
공연음란전문변호사,성범죄
공연음란변호사상담,성범죄
공연음란상담,성범죄
공연음란처벌,성범죄
공연음란초범,성범죄
공연음란초범처벌,성범죄
공연음란합의,성범죄
공연음란합의금,성범죄
공연음란무혐의,성범죄
공연음란혐의없음,성범죄
공연음란집행유예,성범죄
공연음란집유,성범죄
공연음란벌금,성범죄
공연음란벌금형,성범죄
공연음란실형,성범죄
공연음란구속,성범죄
공연음란고소,성범죄
공연음란고소당함,성범죄
공연음란형량,성범죄
공연음란기소유예,성범죄
공연음란불기소,성범죄
공연음란경찰조사,성범죄
공연음란조사,성범죄
공연음란소환,성범죄
공연음란혐의,성범죄
공연음란선처,성범죄
공연음란탄원서,성범죄
공연음란반성문,성범죄
공연음란공탁,성범죄
공연음란재판,성범죄
공연음란무죄,성범죄
공연음란카톡상담,성범죄
공연음란전화상담,성범죄
공연음란비용,성범죄
공연음란수임료,성범죄
공연음란신상등록,성범죄
공연음란취업제한,성범죄
서울공연음란변호사,성범죄
서울공연음란상담,성범죄
강남공연음란변호사,성범죄
강남공연음란상담,성범죄
수원공연음란변호사,성범죄
수원공연음란상담,성범죄
성남공연음란변호사,성범죄
성남공연음란상담,성범죄
분당공연음란변호사,성범죄
분당공연음란상담,성범죄
용인공연음란변호사,성범죄
용인공연음란상담,성범죄
부천공연음란변호사,성범죄
부천공연음란상담,성범죄
안양공연음란변호사,성범죄
안양공연음란상담,성범죄
미성년자간음,성범죄
미성년자간음변호사,성범죄
미성년자간음전문변호사,성범죄
미성년자간음변호사상담,성범죄
미성년자간음상담,성범죄
미성년자간음처벌,성범죄
미성년자간음초범,성범죄
미성년자간음초범처벌,성범죄
미성년자간음합의,성범죄
미성년자간음합의금,성범죄
미성년자간음무혐의,성범죄
미성년자간음혐의없음,성범죄
미성년자간음집행유예,성범죄
미성년자간음집유,성범죄
미성년자간음벌금,성범죄
미성년자간음벌금형,성범죄
미성년자간음실형,성범죄
미성년자간음구속,성범죄
미성년자간음고소,성범죄
미성년자간음고소당함,성범죄
미성년자간음형량,성범죄
미성년자간음기소유예,성범죄
미성년자간음불기소,성범죄
미성년자간음경찰조사,성범죄
미성년자간음조사,성범죄
미성년자간음소환,성범죄
미성년자간음혐의,성범죄
미성년자간음선처,성범죄
미성년자간음탄원서,성범죄
미성년자간음반성문,성범죄
미성년자간음공탁,성범죄
미성년자간음재판,성범죄
미성년자간음무죄,성범죄
미성년자간음카톡상담,성범죄
미성년자간음전화상담,성범죄
미성년자간음비용,성범죄
미성년자간음수임료,성범죄
미성년자간음신상등록,성범죄
미성년자간음취업제한,성범죄
서울미성년자간음변호사,성범죄
서울미성년자간음상담,성범죄
강남미성년자간음변호사,성범죄
강남미성년자간음상담,성범죄
수원미성년자간음변호사,성범죄
수원미성년자간음상담,성범죄
성남미성년자간음변호사,성범죄
성남미성년자간음상담,성범죄
분당미성년자간음변호사,성범죄
분당미성년자간음상담,성범죄
용인미성년자간음변호사,성범죄
용인미성년자간음상담,성범죄
부천미성년자간음변호사,성범죄
부천미성년자간음상담,성범죄
안양미성년자간음변호사,성범죄
안양미성년자간음상담,성범죄
카메라등이용촬영,성범죄
카메라등이용촬영변호사,성범죄
카메라등이용촬영전문변호사,성범죄
카메라등이용촬영변호사상담,성범죄
카메라등이용촬영상담,성범죄
카메라등이용촬영처벌,성범죄
카메라등이용촬영초범,성범죄
카메라등이용촬영초범처벌,성범죄
카메라등이용촬영합의,성범죄
카메라등이용촬영합의금,성범죄
카메라등이용촬영무혐의,성범죄
카메라등이용촬영혐의없음,성범죄
카메라등이용촬영집행유예,성범죄
카메라등이용촬영집유,성범죄
카메라등이용촬영벌금,성범죄
카메라등이용촬영벌금형,성범죄
카메라등이용촬영실형,성범죄
카메라등이용촬영구속,성범죄
카메라등이용촬영고소,성범죄
카메라등이용촬영고소당함,성범죄
카메라등이용촬영형량,성범죄
카메라등이용촬영기소유예,성범죄
카메라등이용촬영불기소,성범죄
카메라등이용촬영경찰조사,성범죄
카메라등이용촬영조사,성범죄
카메라등이용촬영소환,성범죄
카메라등이용촬영혐의,성범죄
카메라등이용촬영선처,성범죄
카메라등이용촬영탄원서,성범죄
카메라등이용촬영반성문,성범죄
카메라등이용촬영공탁,성범죄
카메라등이용촬영재판,성범죄
카메라등이용촬영무죄,성범죄
카메라등이용촬영카톡상담,성범죄
카메라등이용촬영전화상담,성범죄
카메라등이용촬영비용,성범죄
카메라등이용촬영수임료,성범죄
카메라등이용촬영신상등록,성범죄
카메라등이용촬영취업제한,성범죄
서울카메라등이용촬영변호사,성범죄
서울카메라등이용촬영상담,성범죄
강남카메라등이용촬영변호사,성범죄
강남카메라등이용촬영상담,성범죄
수원카메라등이용촬영변호사,성범죄
수원카메라등이용촬영상담,성범죄
성남카메라등이용촬영변호사,성범죄
성남카메라등이용촬영상담,성범죄
분당카메라등이용촬영변호사,성범죄
분당카메라등이용촬영상담,성범죄
용인카메라등이용촬영변호사,성범죄
용인카메라등이용촬영상담,성범죄
부천카메라등이용촬영변호사,성범죄
부천카메라등이용촬영상담,성범죄
안양카메라등이용촬영변호사,성범죄
안양카메라등이용촬영상담,성범죄
촬영물유포변호사,성범죄
촬영물유포전문변호사,성범죄
촬영물유포변호사상담,성범죄
촬영물유포상담,성범죄
촬영물유포처벌,성범죄
촬영물유포초범,성범죄
촬영물유포초범처벌,성범죄
촬영물유포합의,성범죄
촬영물유포합의금,성범죄
촬영물유포무혐의,성범죄
촬영물유포혐의없음,성범죄
촬영물유포집행유예,성범죄
촬영물유포집유,성범죄
촬영물유포벌금,성범죄
촬영물유포벌금형,성범죄
촬영물유포실형,성범죄
촬영물유포구속,성범죄
촬영물유포고소,성범죄
촬영물유포고소당함,성범죄
촬영물유포형량,성범죄
촬영물유포기소유예,성범죄
촬영물유포불기소,성범죄
촬영물유포경찰조사,성범죄
촬영물유포조사,성범죄
촬영물유포소환,성범죄
촬영물유포혐의,성범죄
촬영물유포선처,성범죄
촬영물유포탄원서,성범죄
촬영물유포반성문,성범죄
촬영물유포공탁,성범죄
촬영물유포재판,성범죄
촬영물유포무죄,성범죄
촬영물유포카톡상담,성범죄
촬영물유포전화상담,성범죄
촬영물유포비용,성범죄
촬영물유포수임료,성범죄
촬영물유포신상등록,성범죄
촬영물유포취업제한,성범죄
서울촬영물유포변호사,성범죄
서울촬영물유포상담,성범죄
강남촬영물유포변호사,성범죄
강남촬영물유포상담,성범죄
수원촬영물유포변호사,성범죄
수원촬영물유포상담,성범죄
성남촬영물유포변호사,성범죄
성남촬영물유포상담,성범죄
분당촬영물유포변호사,성범죄
분당촬영물유포상담,성범죄
용인촬영물유포변호사,성범죄
용인촬영물유포상담,성범죄
부천촬영물유포변호사,성범죄
부천촬영물유포상담,성범죄
안양촬영물유포변호사,성범죄
안양촬영물유포상담,성범죄
촬영물협박변호사,성범죄
촬영물협박전문변호사,성범죄
촬영물협박변호사상담,성범죄
촬영물협박상담,성범죄
촬영물협박처벌,성범죄
촬영물협박초범,성범죄
촬영물협박초범처벌,성범죄
촬영물협박합의,성범죄
촬영물협박합의금,성범죄
촬영물협박무혐의,성범죄
촬영물협박혐의없음,성범죄
촬영물협박집행유예,성범죄
촬영물협박집유,성범죄
촬영물협박벌금,성범죄
촬영물협박벌금형,성범죄
촬영물협박실형,성범죄
촬영물협박구속,성범죄
촬영물협박고소,성범죄
촬영물협박고소당함,성범죄
촬영물협박형량,성범죄
촬영물협박기소유예,성범죄
촬영물협박불기소,성범죄
촬영물협박경찰조사,성범죄
촬영물협박조사,성범죄
촬영물협박소환,성범죄
촬영물협박혐의,성범죄
촬영물협박선처,성범죄
촬영물협박탄원서,성범죄
촬영물협박반성문,성범죄
촬영물협박공탁,성범죄
촬영물협박재판,성범죄
촬영물협박무죄,성범죄
촬영물협박카톡상담,성범죄
촬영물협박전화상담,성범죄
촬영물협박비용,성범죄
촬영물협박수임료,성범죄
촬영물협박신상등록,성범죄
촬영물협박취업제한,성범죄
서울촬영물협박변호사,성범죄
서울촬영물협박상담,성범죄
강남촬영물협박변호사,성범죄
강남촬영물협박상담,성범죄
수원촬영물협박변호사,성범죄
수원촬영물협박상담,성범죄
성남촬영물협박변호사,성범죄
성남촬영물협박상담,성범죄
분당촬영물협박변호사,성범죄
분당촬영물협박상담,성범죄
용인촬영물협박변호사,성범죄
용인촬영물협박상담,성범죄
부천촬영물협박변호사,성범죄
부천촬영물협박상담,성범죄
안양촬영물협박변호사,성범죄
안양촬영물협박상담,성범죄
통신매체이용음란,성범죄
통신매체이용음란변호사,성범죄
통신매체이용음란전문변호사,성범죄
통신매체이용음란변호사상담,성범죄
통신매체이용음란상담,성범죄
통신매체이용음란처벌,성범죄
통신매체이용음란초범,성범죄
통신매체이용음란초범처벌,성범죄
통신매체이용음란합의,성범죄
통신매체이용음란합의금,성범죄
통신매체이용음란무혐의,성범죄
통신매체이용음란혐의없음,성범죄
통신매체이용음란집행유예,성범죄
통신매체이용음란집유,성범죄
통신매체이용음란벌금,성범죄
통신매체이용음란벌금형,성범죄
통신매체이용음란실형,성범죄
통신매체이용음란구속,성범죄
통신매체이용음란고소,성범죄
통신매체이용음란고소당함,성범죄
통신매체이용음란형량,성범죄
통신매체이용음란기소유예,성범죄
통신매체이용음란불기소,성범죄
통신매체이용음란경찰조사,성범죄
통신매체이용음란조사,성범죄
통신매체이용음란소환,성범죄
통신매체이용음란혐의,성범죄
통신매체이용음란선처,성범죄
통신매체이용음란탄원서,성범죄
통신매체이용음란반성문,성범죄
통신매체이용음란공탁,성범죄
통신매체이용음란재판,성범죄
통신매체이용음란무죄,성범죄
통신매체이용음란카톡상담,성범죄
통신매체이용음란전화상담,성범죄
통신매체이용음란비용,성범죄
통신매체이용음란수임료,성범죄
통신매체이용음란신상등록,성범죄
통신매체이용음란취업제한,성범죄
서울통신매체이용음란변호사,성범죄
서울통신매체이용음란상담,성범죄
강남통신매체이용음란변호사,성범죄
강남통신매체이용음란상담,성범죄
수원통신매체이용음란변호사,성범죄
수원통신매체이용음란상담,성범죄
성남통신매체이용음란변호사,성범죄
성남통신매체이용음란상담,성범죄
분당통신매체이용음란변호사,성범죄
분당통신매체이용음란상담,성범죄
용인통신매체이용음란변호사,성범죄
용인통신매체이용음란상담,성범죄
부천통신매체이용음란변호사,성범죄
부천통신매체이용음란상담,성범죄
안양통신매체이용음란변호사,성범죄
안양통신매체이용음란상담,성범죄
허위영상물변호사,성범죄
허위영상물전문변호사,성범죄
허위영상물변호사상담,성범죄
허위영상물상담,성범죄
허위영상물처벌,성범죄
허위영상물초범,성범죄
허위영상물초범처벌,성범죄
허위영상물합의,성범죄
허위영상물합의금,성범죄
허위영상물무혐의,성범죄
허위영상물혐의없음,성범죄
허위영상물집행유예,성범죄
허위영상물집유,성범죄
허위영상물벌금,성범죄
허위영상물벌금형,성범죄
허위영상물실형,성범죄
허위영상물구속,성범죄
허위영상물고소,성범죄
허위영상물고소당함,성범죄
허위영상물형량,성범죄
허위영상물기소유예,성범죄
허위영상물불기소,성범죄
허위영상물경찰조사,성범죄
허위영상물조사,성범죄
허위영상물소환,성범죄
허위영상물혐의,성범죄
허위영상물선처,성범죄
허위영상물탄원서,성범죄
허위영상물반성문,성범죄
허위영상물공탁,성범죄
허위영상물재판,성범죄
허위영상물무죄,성범죄
허위영상물카톡상담,성범죄
허위영상물전화상담,성범죄
허위영상물비용,성범죄
허위영상물수임료,성범죄
허위영상물신상등록,성범죄
허위영상물취업제한,성범죄
서울허위영상물변호사,성범죄
서울허위영상물상담,성범죄
강남허위영상물변호사,성범죄
강남허위영상물상담,성범죄
수원허위영상물변호사,성범죄
수원허위영상물상담,성범죄
성남허위영상물변호사,성범죄
성남허위영상물상담,성범죄
분당허위영상물변호사,성범죄
분당허위영상물상담,성범죄
용인허위영상물변호사,성범죄
용인허위영상물상담,성범죄
부천허위영상물변호사,성범죄
부천허위영상물상담,성범죄
안양허위영상물변호사,성범죄
안양허위영상물상담,성범죄
성착취물,성범죄
성착취물변호사,성범죄
성착취물전문변호사,성범죄
성착취물변호사상담,성범죄
성착취물상담,성범죄
성착취물처벌,성범죄
성착취물초범,성범죄
성착취물초범처벌,성범죄
성착취물합의,성범죄
성착취물합의금,성범죄
성착취물무혐의,성범죄
성착취물혐의없음,성범죄
성착취물집행유예,성범죄
성착취물집유,성범죄
성착취물벌금,성범죄
성착취물벌금형,성범죄
성착취물실형,성범죄
성착취물구속,성범죄
성착취물고소,성범죄
성착취물고소당함,성범죄
성착취물형량,성범죄
성착취물기소유예,성범죄
성착취물불기소,성범죄
성착취물경찰조사,성범죄
성착취물조사,성범죄
성착취물소환,성범죄
성착취물혐의,성범죄
성착취물선처,성범죄
성착취물탄원서,성범죄
성착취물반성문,성범죄
성착취물공탁,성범죄
성착취물재판,성범죄
성착취물무죄,성범죄
성착취물카톡상담,성범죄
성착취물전화상담,성범죄
성착취물비용,성범죄
성착취물수임료,성범죄
성착취물신상등록,성범죄
성착취물취업제한,성범죄
서울성착취물변호사,성범죄
서울성착취물상담,성범죄
강남성착취물변호사,성범죄
강남성착취물상담,성범죄
수원성착취물변호사,성범죄
수원성착취물상담,성범죄
성남성착취물변호사,성범죄
성남성착취물상담,성범죄
분당성착취물변호사,성범죄
분당성착취물상담,성범죄
용인성착취물변호사,성범죄
용인성착취물상담,성범죄
부천성착취물변호사,성범죄
부천성착취물상담,성범죄
안양성착취물변호사,성범죄
안양성착취물상담,성범죄
아동청소년성착취물,성범죄
아동청소년성착취물변호사,성범죄
아동청소년성착취물전문변호사,성범죄
아동청소년성착취물변호사상담,성범죄
아동청소년성착취물상담,성범죄
아동청소년성착취물처벌,성범죄
아동청소년성착취물초범,성범죄
아동청소년성착취물초범처벌,성범죄
아동청소년성착취물합의,성범죄
아동청소년성착취물합의금,성범죄
아동청소년성착취물무혐의,성범죄
아동청소년성착취물혐의없음,성범죄
아동청소년성착취물집행유예,성범죄
아동청소년성착취물집유,성범죄
아동청소년성착취물벌금,성범죄
아동청소년성착취물벌금형,성범죄
아동청소년성착취물실형,성범죄
아동청소년성착취물구속,성범죄
아동청소년성착취물고소,성범죄
아동청소년성착취물고소당함,성범죄
아동청소년성착취물형량,성범죄
아동청소년성착취물기소유예,성범죄
아동청소년성착취물불기소,성범죄
아동청소년성착취물경찰조사,성범죄
아동청소년성착취물조사,성범죄
아동청소년성착취물소환,성범죄
아동청소년성착취물혐의,성범죄
아동청소년성착취물선처,성범죄
아동청소년성착취물탄원서,성범죄
아동청소년성착취물반성문,성범죄
아동청소년성착취물공탁,성범죄
아동청소년성착취물재판,성범죄
아동청소년성착취물무죄,성범죄
아동청소년성착취물카톡상담,성범죄
아동청소년성착취물전화상담,성범죄
아동청소년성착취물비용,성범죄
아동청소년성착취물수임료,성범죄
아동청소년성착취물신상등록,성범죄
아동청소년성착취물취업제한,성범죄
서울아동청소년성착취물변호사,성범죄
서울아동청소년성착취물상담,성범죄
강남아동청소년성착취물변호사,성범죄
강남아동청소년성착취물상담,성범죄
수원아동청소년성착취물변호사,성범죄
수원아동청소년성착취물상담,성범죄
성남아동청소년성착취물변호사,성범죄
성남아동청소년성착취물상담,성범죄
분당아동청소년성착취물변호사,성범죄
분당아동청소년성착취물상담,성범죄
용인아동청소년성착취물변호사,성범죄
용인아동청소년성착취물상담,성범죄
부천아동청소년성착취물변호사,성범죄
부천아동청소년성착취물상담,성범죄
안양아동청소년성착취물변호사,성범죄
안양아동청소년성착취물상담,성범죄
조건만남,성범죄
조건만남변호사,성범죄
조건만남전문변호사,성범죄
조건만남변호사상담,성범죄
조건만남상담,성범죄
조건만남처벌,성범죄
조건만남초범,성범죄
조건만남초범처벌,성범죄
조건만남합의,성범죄
조건만남합의금,성범죄
조건만남무혐의,성범죄
조건만남혐의없음,성범죄
조건만남집행유예,성범죄
조건만남집유,성범죄
조건만남벌금,성범죄
조건만남벌금형,성범죄
조건만남실형,성범죄
조건만남구속,성범죄
조건만남고소,성범죄
조건만남고소당함,성범죄
조건만남형량,성범죄
조건만남기소유예,성범죄
조건만남불기소,성범죄
조건만남경찰조사,성범죄
조건만남조사,성범죄
조건만남소환,성범죄
조건만남혐의,성범죄
조건만남선처,성범죄
조건만남탄원서,성범죄
조건만남반성문,성범죄
조건만남공탁,성범죄
조건만남재판,성범죄
조건만남무죄,성범죄
조건만남카톡상담,성범죄
조건만남전화상담,성범죄
조건만남비용,성범죄
조건만남수임료,성범죄
조건만남신상등록,성범죄
조건만남취업제한,성범죄
서울조건만남변호사,성범죄
서울조건만남상담,성범죄
강남조건만남변호사,성범죄
강남조건만남상담,성범죄
수원조건만남변호사,성범죄
수원조건만남상담,성범죄
성남조건만남변호사,성범죄
성남조건만남상담,성범죄
분당조건만남변호사,성범죄
분당조건만남상담,성범죄
용인조건만남변호사,성범죄
용인조건만남상담,성범죄
부천조건만남변호사,성범죄
부천조건만남상담,성범죄
안양조건만남변호사,성범죄
안양조건만남상담,성범죄
메신저피싱전문변호사,보피
메신저피싱변호사상담,보피
메신저피싱상담,보피
메신저피싱합의금,보피
메신저피싱혐의없음,보피
메신저피싱집유,보피
메신저피싱벌금형,보피
메신저피싱실형,보피
메신저피싱고소당함,보피
메신저피싱형량,보피
메신저피싱기소유예,보피
메신저피싱불기소,보피
메신저피싱조사,보피
메신저피싱소환,보피
메신저피싱혐의,보피
메신저피싱선처,보피
메신저피싱탄원서,보피
메신저피싱반성문,보피
메신저피싱공탁,보피
메신저피싱재판,보피
메신저피싱무죄,보피
메신저피싱카톡상담,보피
메신저피싱전화상담,보피
메신저피싱비용,보피
메신저피싱수임료,보피
메신저피싱신상등록,보피
메신저피싱취업제한,보피
서울메신저피싱변호사,보피
서울메신저피싱상담,보피
강남메신저피싱변호사,보피
강남메신저피싱상담,보피
수원메신저피싱변호사,보피
수원메신저피싱상담,보피
성남메신저피싱변호사,보피
성남메신저피싱상담,보피
분당메신저피싱변호사,보피
분당메신저피싱상담,보피
용인메신저피싱변호사,보피
용인메신저피싱상담,보피
부천메신저피싱변호사,보피
부천메신저피싱상담,보피
안양메신저피싱변호사,보피
안양메신저피싱상담,보피
통장대여,보피
통장대여전문변호사,보피
통장대여변호사상담,보피
통장대여상담,보피
통장대여합의금,보피
통장대여혐의없음,보피
통장대여집유,보피
통장대여벌금형,보피
통장대여실형,보피
통장대여고소당함,보피
통장대여형량,보피
통장대여기소유예,보피
통장대여불기소,보피
통장대여조사,보피
통장대여소환,보피
통장대여혐의,보피
통장대여선처,보피
통장대여탄원서,보피
통장대여반성문,보피
통장대여공탁,보피
통장대여재판,보피
통장대여무죄,보피
통장대여카톡상담,보피
통장대여전화상담,보피
통장대여비용,보피
통장대여수임료,보피
통장대여신상등록,보피
통장대여취업제한,보피
서울통장대여변호사,보피
서울통장대여상담,보피
강남통장대여변호사,보피
강남통장대여상담,보피
수원통장대여변호사,보피
수원통장대여상담,보피
성남통장대여변호사,보피
성남통장대여상담,보피
분당통장대여변호사,보피
분당통장대여상담,보피
용인통장대여변호사,보피
용인통장대여상담,보피
부천통장대여변호사,보피
부천통장대여상담,보피
안양통장대여변호사,보피
안양통장대여상담,보피
통장양도,보피
통장양도전문변호사,보피
통장양도변호사상담,보피
통장양도상담,보피
통장양도합의금,보피
통장양도혐의없음,보피
통장양도집유,보피
통장양도벌금형,보피
통장양도실형,보피
통장양도고소당함,보피
통장양도형량,보피
통장양도기소유예,보피
통장양도불기소,보피
통장양도조사,보피
통장양도소환,보피
통장양도혐의,보피
통장양도선처,보피
통장양도탄원서,보피
통장양도반성문,보피
통장양도공탁,보피
통장양도재판,보피
통장양도무죄,보피
통장양도카톡상담,보피
통장양도전화상담,보피
통장양도비용,보피
통장양도수임료,보피
통장양도신상등록,보피
통장양도취업제한,보피
서울통장양도변호사,보피
서울통장양도상담,보피
강남통장양도변호사,보피
강남통장양도상담,보피
수원통장양도변호사,보피
수원통장양도상담,보피
성남통장양도변호사,보피
성남통장양도상담,보피
분당통장양도변호사,보피
분당통장양도상담,보피
용인통장양도변호사,보피
용인통장양도상담,보피
부천통장양도변호사,보피
부천통장양도상담,보피
안양통장양도변호사,보피
안양통장양도상담,보피
통장판매,보피
통장판매전문변호사,보피
통장판매변호사상담,보피
통장판매상담,보피
통장판매처벌,보피
통장판매합의금,보피
통장판매혐의없음,보피
통장판매집유,보피
통장판매벌금형,보피
통장판매실형,보피
통장판매고소당함,보피
통장판매형량,보피
통장판매기소유예,보피
통장판매불기소,보피
통장판매경찰조사,보피
통장판매조사,보피
통장판매소환,보피
통장판매혐의,보피
통장판매선처,보피
통장판매탄원서,보피
통장판매반성문,보피
통장판매공탁,보피
통장판매재판,보피
통장판매무죄,보피
통장판매카톡상담,보피
통장판매전화상담,보피
통장판매비용,보피
통장판매수임료,보피
통장판매신상등록,보피
통장판매취업제한,보피
서울통장판매변호사,보피
서울통장판매상담,보피
강남통장판매변호사,보피
강남통장판매상담,보피
수원통장판매변호사,보피
수원통장판매상담,보피
성남통장판매변호사,보피
성남통장판매상담,보피
분당통장판매변호사,보피
분당통장판매상담,보피
용인통장판매변호사,보피
용인통장판매상담,보피
부천통장판매변호사,보피
부천통장판매상담,보피
안양통장판매변호사,보피
안양통장판매상담,보피
통장매매,보피
통장매매전문변호사,보피
통장매매변호사상담,보피
통장매매상담,보피
통장매매합의금,보피
통장매매혐의없음,보피
통장매매집유,보피
통장매매벌금형,보피
통장매매실형,보피
통장매매고소당함,보피
통장매매형량,보피
통장매매기소유예,보피
통장매매불기소,보피
통장매매조사,보피
통장매매소환,보피
통장매매혐의,보피
통장매매선처,보피
통장매매탄원서,보피
통장매매반성문,보피
통장매매공탁,보피
통장매매재판,보피
통장매매무죄,보피
통장매매카톡상담,보피
통장매매전화상담,보피
통장매매비용,보피
통장매매수임료,보피
통장매매신상등록,보피
통장매매취업제한,보피
서울통장매매변호사,보피
서울통장매매상담,보피
강남통장매매변호사,보피
강남통장매매상담,보피
수원통장매매변호사,보피
수원통장매매상담,보피
성남통장매매변호사,보피
성남통장매매상담,보피
분당통장매매변호사,보피
분당통장매매상담,보피
용인통장매매변호사,보피
용인통장매매상담,보피
부천통장매매변호사,보피
부천통장매매상담,보피
안양통장매매변호사,보피
안양통장매매상담,보피
체크카드양도,보피
체크카드양도전문변호사,보피
체크카드양도변호사상담,보피
체크카드양도상담,보피
체크카드양도합의금,보피
체크카드양도혐의없음,보피
체크카드양도집유,보피
체크카드양도벌금형,보피
체크카드양도실형,보피
체크카드양도고소당함,보피
체크카드양도형량,보피
체크카드양도기소유예,보피
체크카드양도불기소,보피
체크카드양도조사,보피
체크카드양도소환,보피
체크카드양도혐의,보피
체크카드양도선처,보피
체크카드양도탄원서,보피
체크카드양도반성문,보피
체크카드양도공탁,보피
체크카드양도재판,보피
체크카드양도무죄,보피
체크카드양도카톡상담,보피
체크카드양도전화상담,보피
체크카드양도비용,보피
체크카드양도수임료,보피
체크카드양도신상등록,보피
체크카드양도취업제한,보피
서울체크카드양도변호사,보피
서울체크카드양도상담,보피
강남체크카드양도변호사,보피
강남체크카드양도상담,보피
수원체크카드양도변호사,보피
수원체크카드양도상담,보피
성남체크카드양도변호사,보피
성남체크카드양도상담,보피
분당체크카드양도변호사,보피
분당체크카드양도상담,보피
용인체크카드양도변호사,보피
용인체크카드양도상담,보피
부천체크카드양도변호사,보피
부천체크카드양도상담,보피
안양체크카드양도변호사,보피
안양체크카드양도상담,보피
체크카드대여,보피
체크카드대여변호사,보피
체크카드대여전문변호사,보피
체크카드대여변호사상담,보피
체크카드대여상담,보피
체크카드대여처벌,보피
체크카드대여초범,보피
체크카드대여초범처벌,보피
체크카드대여합의,보피
체크카드대여합의금,보피
체크카드대여무혐의,보피
체크카드대여혐의없음,보피
체크카드대여집행유예,보피
체크카드대여집유,보피
체크카드대여벌금,보피
체크카드대여벌금형,보피
체크카드대여실형,보피
체크카드대여구속,보피
체크카드대여고소,보피
체크카드대여고소당함,보피
체크카드대여형량,보피
체크카드대여기소유예,보피
체크카드대여불기소,보피
체크카드대여경찰조사,보피
체크카드대여조사,보피
체크카드대여소환,보피
체크카드대여혐의,보피
체크카드대여선처,보피
체크카드대여탄원서,보피
체크카드대여반성문,보피
체크카드대여공탁,보피
체크카드대여재판,보피
체크카드대여무죄,보피
체크카드대여카톡상담,보피
체크카드대여전화상담,보피
체크카드대여비용,보피
체크카드대여수임료,보피
체크카드대여신상등록,보피
체크카드대여취업제한,보피
서울체크카드대여변호사,보피
서울체크카드대여상담,보피
강남체크카드대여변호사,보피
강남체크카드대여상담,보피
수원체크카드대여변호사,보피
수원체크카드대여상담,보피
성남체크카드대여변호사,보피
성남체크카드대여상담,보피
분당체크카드대여변호사,보피
분당체크카드대여상담,보피
용인체크카드대여변호사,보피
용인체크카드대여상담,보피
부천체크카드대여변호사,보피
부천체크카드대여상담,보피
안양체크카드대여변호사,보피
안양체크카드대여상담,보피
인출책,보피
인출책전문변호사,보피
인출책변호사상담,보피
인출책상담,보피
인출책합의금,보피
인출책혐의없음,보피
인출책집유,보피
인출책벌금형,보피
인출책실형,보피
인출책고소당함,보피
인출책형량,보피
인출책기소유예,보피
인출책불기소,보피
인출책조사,보피
인출책소환,보피
인출책혐의,보피
인출책선처,보피
인출책탄원서,보피
인출책반성문,보피
인출책공탁,보피
인출책재판,보피
인출책무죄,보피
인출책카톡상담,보피
인출책전화상담,보피
인출책비용,보피
인출책수임료,보피
인출책신상등록,보피
인출책취업제한,보피
서울인출책변호사,보피
서울인출책상담,보피
강남인출책변호사,보피
강남인출책상담,보피
수원인출책변호사,보피
수원인출책상담,보피
성남인출책변호사,보피
성남인출책상담,보피
분당인출책변호사,보피
분당인출책상담,보피
용인인출책변호사,보피
용인인출책상담,보피
부천인출책변호사,보피
부천인출책상담,보피
안양인출책변호사,보피
안양인출책상담,보피
대포폰,보피
대포폰전문변호사,보피
대포폰변호사상담,보피
대포폰상담,보피
대포폰처벌,보피
대포폰초범,보피
대포폰합의금,보피
대포폰혐의없음,보피
대포폰집유,보피
대포폰벌금형,보피
대포폰실형,보피
대포폰고소당함,보피
대포폰형량,보피
대포폰기소유예,보피
대포폰불기소,보피
대포폰경찰조사,보피
대포폰조사,보피
대포폰소환,보피
대포폰혐의,보피
대포폰선처,보피
대포폰탄원서,보피
대포폰반성문,보피
대포폰공탁,보피
대포폰재판,보피
대포폰무죄,보피
대포폰카톡상담,보피
대포폰전화상담,보피
대포폰비용,보피
대포폰수임료,보피
대포폰신상등록,보피
대포폰취업제한,보피
서울대포폰변호사,보피
서울대포폰상담,보피
강남대포폰변호사,보피
강남대포폰상담,보피
수원대포폰변호사,보피
수원대포폰상담,보피
성남대포폰변호사,보피
성남대포폰상담,보피
분당대포폰변호사,보피
분당대포폰상담,보피
용인대포폰변호사,보피
용인대포폰상담,보피
부천대포폰변호사,보피
부천대포폰상담,보피
안양대포폰변호사,보피
안양대포폰상담,보피
계좌명의대여,보피
계좌명의대여변호사,보피
계좌명의대여전문변호사,보피
계좌명의대여변호사상담,보피
계좌명의대여상담,보피
계좌명의대여처벌,보피
계좌명의대여초범,보피
계좌명의대여초범처벌,보피
계좌명의대여합의,보피
계좌명의대여합의금,보피
계좌명의대여무혐의,보피
계좌명의대여혐의없음,보피
계좌명의대여집행유예,보피
계좌명의대여집유,보피
계좌명의대여벌금,보피
계좌명의대여벌금형,보피
계좌명의대여실형,보피
계좌명의대여구속,보피
계좌명의대여고소,보피
계좌명의대여고소당함,보피
계좌명의대여형량,보피
계좌명의대여기소유예,보피
계좌명의대여불기소,보피
계좌명의대여경찰조사,보피
계좌명의대여조사,보피
계좌명의대여소환,보피
계좌명의대여혐의,보피
계좌명의대여선처,보피
계좌명의대여탄원서,보피
계좌명의대여반성문,보피
계좌명의대여공탁,보피
계좌명의대여재판,보피
계좌명의대여무죄,보피
계좌명의대여카톡상담,보피
계좌명의대여전화상담,보피
계좌명의대여비용,보피
계좌명의대여수임료,보피
계좌명의대여신상등록,보피
계좌명의대여취업제한,보피
서울계좌명의대여변호사,보피
서울계좌명의대여상담,보피
강남계좌명의대여변호사,보피
강남계좌명의대여상담,보피
수원계좌명의대여변호사,보피
수원계좌명의대여상담,보피
성남계좌명의대여변호사,보피
성남계좌명의대여상담,보피
분당계좌명의대여변호사,보피
분당계좌명의대여상담,보피
용인계좌명의대여변호사,보피
용인계좌명의대여상담,보피
부천계좌명의대여변호사,보피
부천계좌명의대여상담,보피
안양계좌명의대여변호사,보피
안양계좌명의대여상담,보피
전자금융거래법,보피
전자금융거래법변호사,보피
전자금융거래법전문변호사,보피
전자금융거래법변호사상담,보피
전자금융거래법상담,보피
전자금융거래법처벌,보피
전자금융거래법초범,보피
전자금융거래법초범처벌,보피
전자금융거래법합의,보피
전자금융거래법합의금,보피
전자금융거래법무혐의,보피
전자금융거래법혐의없음,보피
전자금융거래법집행유예,보피
전자금융거래법집유,보피
전자금융거래법벌금,보피
전자금융거래법벌금형,보피
전자금융거래법실형,보피
전자금융거래법구속,보피
전자금융거래법고소,보피
전자금융거래법고소당함,보피
전자금융거래법형량,보피
전자금융거래법기소유예,보피
전자금융거래법불기소,보피
전자금융거래법경찰조사,보피
전자금융거래법조사,보피
전자금융거래법소환,보피
전자금융거래법혐의,보피
전자금융거래법선처,보피
전자금융거래법탄원서,보피
전자금융거래법반성문,보피
전자금융거래법공탁,보피
전자금융거래법재판,보피
전자금융거래법무죄,보피
전자금융거래법카톡상담,보피
전자금융거래법전화상담,보피
전자금융거래법비용,보피
전자금융거래법수임료,보피
전자금융거래법신상등록,보피
전자금융거래법취업제한,보피
서울전자금융거래법변호사,보피
서울전자금융거래법상담,보피
강남전자금융거래법변호사,보피
강남전자금융거래법상담,보피
수원전자금융거래법변호사,보피
수원전자금융거래법상담,보피
성남전자금융거래법변호사,보피
성남전자금융거래법상담,보피
분당전자금융거래법변호사,보피
분당전자금융거래법상담,보피
용인전자금융거래법변호사,보피
용인전자금융거래법상담,보피
부천전자금융거래법변호사,보피
부천전자금융거래법상담,보피
안양전자금융거래법변호사,보피
안양전자금융거래법상담,보피
사기이용계좌,보피
사기이용계좌변호사,보피
사기이용계좌전문변호사,보피
사기이용계좌변호사상담,보피
사기이용계좌상담,보피
사기이용계좌처벌,보피
사기이용계좌초범,보피
사기이용계좌초범처벌,보피
사기이용계좌합의,보피
사기이용계좌합의금,보피
사기이용계좌무혐의,보피
사기이용계좌혐의없음,보피
사기이용계좌집행유예,보피
사기이용계좌집유,보피
사기이용계좌벌금,보피
사기이용계좌벌금형,보피
사기이용계좌실형,보피
사기이용계좌구속,보피
사기이용계좌고소,보피
사기이용계좌고소당함,보피
사기이용계좌형량,보피
사기이용계좌기소유예,보피
사기이용계좌불기소,보피
사기이용계좌경찰조사,보피
사기이용계좌조사,보피
사기이용계좌소환,보피
사기이용계좌혐의,보피
사기이용계좌선처,보피
사기이용계좌탄원서,보피
사기이용계좌반성문,보피
사기이용계좌공탁,보피
사기이용계좌재판,보피
사기이용계좌무죄,보피
사기이용계좌카톡상담,보피
사기이용계좌전화상담,보피
사기이용계좌비용,보피
사기이용계좌수임료,보피
사기이용계좌신상등록,보피
사기이용계좌취업제한,보피
서울사기이용계좌변호사,보피
서울사기이용계좌상담,보피
강남사기이용계좌변호사,보피
강남사기이용계좌상담,보피
수원사기이용계좌변호사,보피
수원사기이용계좌상담,보피
성남사기이용계좌변호사,보피
성남사기이용계좌상담,보피
분당사기이용계좌변호사,보피
분당사기이용계좌상담,보피
용인사기이용계좌변호사,보피
용인사기이용계좌상담,보피
부천사기이용계좌변호사,보피
부천사기이용계좌상담,보피
안양사기이용계좌변호사,보피
안양사기이용계좌상담,보피
몸캠피싱,보피
몸캠피싱변호사,보피
몸캠피싱전문변호사,보피
몸캠피싱변호사상담,보피
몸캠피싱상담,보피
몸캠피싱처벌,보피
몸캠피싱초범,보피
몸캠피싱초범처벌,보피
몸캠피싱합의,보피
몸캠피싱합의금,보피
몸캠피싱무혐의,보피
몸캠피싱혐의없음,보피
몸캠피싱집행유예,보피
몸캠피싱집유,보피
몸캠피싱벌금,보피
몸캠피싱벌금형,보피
몸캠피싱실형,보피
몸캠피싱구속,보피
몸캠피싱고소,보피
몸캠피싱고소당함,보피
몸캠피싱형량,보피
몸캠피싱기소유예,보피
몸캠피싱불기소,보피
몸캠피싱경찰조사,보피
몸캠피싱조사,보피
몸캠피싱소환,보피
몸캠피싱혐의,보피
몸캠피싱선처,보피
몸캠피싱탄원서,보피
몸캠피싱반성문,보피
몸캠피싱공탁,보피
몸캠피싱재판,보피
몸캠피싱무죄,보피
몸캠피싱카톡상담,보피
몸캠피싱전화상담,보피
몸캠피싱비용,보피
몸캠피싱수임료,보피
몸캠피싱신상등록,보피
몸캠피싱취업제한,보피
서울몸캠피싱변호사,보피
서울몸캠피싱상담,보피
강남몸캠피싱변호사,보피
강남몸캠피싱상담,보피
수원몸캠피싱변호사,보피
수원몸캠피싱상담,보피
성남몸캠피싱변호사,보피
성남몸캠피싱상담,보피
분당몸캠피싱변호사,보피
분당몸캠피싱상담,보피
용인몸캠피싱변호사,보피
용인몸캠피싱상담,보피
부천몸캠피싱변호사,보피
부천몸캠피싱상담,보피
안양몸캠피싱변호사,보피
안양몸캠피싱상담,보피
개인정보매매,보피
개인정보매매변호사,보피
개인정보매매전문변호사,보피
개인정보매매변호사상담,보피
개인정보매매상담,보피
개인정보매매처벌,보피
개인정보매매초범,보피
개인정보매매초범처벌,보피
개인정보매매합의,보피
개인정보매매합의금,보피
개인정보매매무혐의,보피
개인정보매매혐의없음,보피
개인정보매매집행유예,보피
개인정보매매집유,보피
개인정보매매벌금,보피
개인정보매매벌금형,보피
개인정보매매실형,보피
개인정보매매구속,보피
개인정보매매고소,보피
개인정보매매고소당함,보피
개인정보매매형량,보피
개인정보매매기소유예,보피
개인정보매매불기소,보피
개인정보매매경찰조사,보피
개인정보매매조사,보피
개인정보매매소환,보피
개인정보매매혐의,보피
개인정보매매선처,보피
개인정보매매탄원서,보피
개인정보매매반성문,보피
개인정보매매공탁,보피
개인정보매매재판,보피
개인정보매매무죄,보피
개인정보매매카톡상담,보피
개인정보매매전화상담,보피
개인정보매매비용,보피
개인정보매매수임료,보피
개인정보매매신상등록,보피
개인정보매매취업제한,보피
서울개인정보매매변호사,보피
서울개인정보매매상담,보피
강남개인정보매매변호사,보피
강남개인정보매매상담,보피
수원개인정보매매변호사,보피
수원개인정보매매상담,보피
성남개인정보매매변호사,보피
성남개인정보매매상담,보피
분당개인정보매매변호사,보피
분당개인정보매매상담,보피
용인개인정보매매변호사,보피
용인개인정보매매상담,보피
부천개인정보매매변호사,보피
부천개인정보매매상담,보피
안양개인정보매매변호사,보피
안양개인정보매매상담,보피
범죄수익은닉,보피
범죄수익은닉변호사,보피
범죄수익은닉전문변호사,보피
범죄수익은닉변호사상담,보피
범죄수익은닉상담,보피
범죄수익은닉처벌,보피
범죄수익은닉초범,보피
범죄수익은닉초범처벌,보피
범죄수익은닉합의,보피
범죄수익은닉합의금,보피
범죄수익은닉무혐의,보피
범죄수익은닉혐의없음,보피
범죄수익은닉집행유예,보피
범죄수익은닉집유,보피
범죄수익은닉벌금,보피
범죄수익은닉벌금형,보피
범죄수익은닉실형,보피
범죄수익은닉구속,보피
범죄수익은닉고소,보피
범죄수익은닉고소당함,보피
범죄수익은닉형량,보피
범죄수익은닉기소유예,보피
범죄수익은닉불기소,보피
범죄수익은닉경찰조사,보피
범죄수익은닉조사,보피
범죄수익은닉소환,보피
범죄수익은닉혐의,보피
범죄수익은닉선처,보피
범죄수익은닉탄원서,보피
범죄수익은닉반성문,보피
범죄수익은닉공탁,보피
범죄수익은닉재판,보피
범죄수익은닉무죄,보피
범죄수익은닉카톡상담,보피
범죄수익은닉전화상담,보피
범죄수익은닉비용,보피
범죄수익은닉수임료,보피
범죄수익은닉신상등록,보피
범죄수익은닉취업제한,보피
서울범죄수익은닉변호사,보피
서울범죄수익은닉상담,보피
강남범죄수익은닉변호사,보피
강남범죄수익은닉상담,보피
수원범죄수익은닉변호사,보피
수원범죄수익은닉상담,보피
성남범죄수익은닉변호사,보피
성남범죄수익은닉상담,보피
분당범죄수익은닉변호사,보피
분당범죄수익은닉상담,보피
용인범죄수익은닉변호사,보피
용인범죄수익은닉상담,보피
부천범죄수익은닉변호사,보피
부천범죄수익은닉상담,보피
안양범죄수익은닉변호사,보피
안양범죄수익은닉상담,보피
사기방조,보피
사기방조변호사,보피
사기방조전문변호사,보피
사기방조변호사상담,보피
사기방조상담,보피
사기방조처벌,보피
사기방조초범,보피
사기방조초범처벌,보피
사기방조합의,보피
사기방조합의금,보피
사기방조무혐의,보피
사기방조혐의없음,보피
사기방조집행유예,보피
사기방조집유,보피
사기방조벌금,보피
사기방조벌금형,보피
사기방조실형,보피
사기방조구속,보피
사기방조고소,보피
사기방조고소당함,보피
사기방조형량,보피
사기방조기소유예,보피
사기방조불기소,보피
사기방조경찰조사,보피
사기방조조사,보피
사기방조소환,보피
사기방조혐의,보피
사기방조선처,보피
사기방조탄원서,보피
사기방조반성문,보피
사기방조공탁,보피
사기방조재판,보피
사기방조무죄,보피
사기방조카톡상담,보피
사기방조전화상담,보피
사기방조비용,보피
사기방조수임료,보피
사기방조신상등록,보피
사기방조취업제한,보피
서울사기방조변호사,보피
서울사기방조상담,보피
강남사기방조변호사,보피
강남사기방조상담,보피
수원사기방조변호사,보피
수원사기방조상담,보피
성남사기방조변호사,보피
성남사기방조상담,보피
분당사기방조변호사,보피
분당사기방조상담,보피
용인사기방조변호사,보피
용인사기방조상담,보피
부천사기방조변호사,보피
부천사기방조상담,보피
안양사기방조변호사,보피
안양사기방조상담,보피
전기통신금융사기,보피
전기통신금융사기변호사,보피
전기통신금융사기전문변호사,보피
전기통신금융사기변호사상담,보피
전기통신금융사기상담,보피
전기통신금융사기처벌,보피
전기통신금융사기초범,보피
전기통신금융사기초범처벌,보피
전기통신금융사기합의,보피
전기통신금융사기합의금,보피
전기통신금융사기무혐의,보피
전기통신금융사기혐의없음,보피
전기통신금융사기집행유예,보피
전기통신금융사기집유,보피
전기통신금융사기벌금,보피
전기통신금융사기벌금형,보피
전기통신금융사기실형,보피
전기통신금융사기구속,보피
전기통신금융사기고소,보피
전기통신금융사기고소당함,보피
전기통신금융사기형량,보피
전기통신금융사기기소유예,보피
전기통신금융사기불기소,보피
전기통신금융사기경찰조사,보피
전기통신금융사기조사,보피
전기통신금융사기소환,보피
전기통신금융사기혐의,보피
전기통신금융사기선처,보피
전기통신금융사기탄원서,보피
전기통신금융사기반성문,보피
전기통신금융사기공탁,보피
전기통신금융사기재판,보피
전기통신금융사기무죄,보피
전기통신금융사기카톡상담,보피
전기통신금융사기전화상담,보피
전기통신금융사기비용,보피
전기통신금융사기수임료,보피
전기통신금융사기신상등록,보피
전기통신금융사기취업제한,보피
서울전기통신금융사기변호사,보피
서울전기통신금융사기상담,보피
강남전기통신금융사기변호사,보피
강남전기통신금융사기상담,보피
수원전기통신금융사기변호사,보피
수원전기통신금융사기상담,보피
성남전기통신금융사기변호사,보피
성남전기통신금융사기상담,보피
분당전기통신금융사기변호사,보피
분당전기통신금융사기상담,보피
용인전기통신금융사기변호사,보피
용인전기통신금융사기상담,보피
부천전기통신금융사기변호사,보피
부천전기통신금융사기상담,보피
안양전기통신금융사기변호사,보피
안양전기통신금융사기상담,보피
보이스피싱개인회생변호사,보피
보이스피싱개인회생전문변호사,보피
보이스피싱개인회생변호사상담,보피
보이스피싱개인회생상담,보피
보이스피싱개인회생처벌,보피
보이스피싱개인회생초범,보피
보이스피싱개인회생초범처벌,보피
보이스피싱개인회생합의,보피
보이스피싱개인회생합의금,보피
보이스피싱개인회생무혐의,보피
보이스피싱개인회생혐의없음,보피
보이스피싱개인회생집행유예,보피
보이스피싱개인회생집유,보피
보이스피싱개인회생벌금,보피
보이스피싱개인회생벌금형,보피
보이스피싱개인회생실형,보피
보이스피싱개인회생구속,보피
보이스피싱개인회생고소,보피
보이스피싱개인회생고소당함,보피
보이스피싱개인회생형량,보피
보이스피싱개인회생기소유예,보피
보이스피싱개인회생불기소,보피
보이스피싱개인회생경찰조사,보피
보이스피싱개인회생조사,보피
보이스피싱개인회생소환,보피
보이스피싱개인회생혐의,보피
보이스피싱개인회생선처,보피
보이스피싱개인회생탄원서,보피
보이스피싱개인회생반성문,보피
보이스피싱개인회생공탁,보피
보이스피싱개인회생재판,보피
보이스피싱개인회생무죄,보피
보이스피싱개인회생카톡상담,보피
보이스피싱개인회생전화상담,보피
보이스피싱개인회생비용,보피
보이스피싱개인회생수임료,보피
보이스피싱개인회생신상등록,보피
보이스피싱개인회생취업제한,보피
서울보이스피싱개인회생변호사,보피
서울보이스피싱개인회생상담,보피
강남보이스피싱개인회생변호사,보피
강남보이스피싱개인회생상담,보피
수원보이스피싱개인회생변호사,보피
수원보이스피싱개인회생상담,보피
성남보이스피싱개인회생변호사,보피
성남보이스피싱개인회생상담,보피
분당보이스피싱개인회생변호사,보피
분당보이스피싱개인회생상담,보피
용인보이스피싱개인회생변호사,보피
용인보이스피싱개인회생상담,보피
부천보이스피싱개인회생변호사,보피
부천보이스피싱개인회생상담,보피
안양보이스피싱개인회생변호사,보피
안양보이스피싱개인회생상담,보피
보이스피싱환급변호사,보피
보이스피싱환급전문변호사,보피
보이스피싱환급변호사상담,보피
보이스피싱환급상담,보피
보이스피싱환급처벌,보피
보이스피싱환급초범,보피
보이스피싱환급초범처벌,보피
보이스피싱환급합의,보피
보이스피싱환급합의금,보피
보이스피싱환급무혐의,보피
보이스피싱환급혐의없음,보피
보이스피싱환급집행유예,보피
보이스피싱환급집유,보피
보이스피싱환급벌금,보피
보이스피싱환급벌금형,보피
보이스피싱환급실형,보피
보이스피싱환급구속,보피
보이스피싱환급고소,보피
보이스피싱환급고소당함,보피
보이스피싱환급형량,보피
보이스피싱환급기소유예,보피
보이스피싱환급불기소,보피
보이스피싱환급경찰조사,보피
보이스피싱환급조사,보피
보이스피싱환급소환,보피
보이스피싱환급혐의,보피
보이스피싱환급선처,보피
보이스피싱환급탄원서,보피
보이스피싱환급반성문,보피
보이스피싱환급공탁,보피
보이스피싱환급재판,보피
보이스피싱환급무죄,보피
보이스피싱환급카톡상담,보피
보이스피싱환급전화상담,보피
보이스피싱환급비용,보피
보이스피싱환급수임료,보피
보이스피싱환급신상등록,보피
보이스피싱환급취업제한,보피
서울보이스피싱환급변호사,보피
서울보이스피싱환급상담,보피
강남보이스피싱환급변호사,보피
강남보이스피싱환급상담,보피
수원보이스피싱환급변호사,보피
수원보이스피싱환급상담,보피
성남보이스피싱환급변호사,보피
성남보이스피싱환급상담,보피
분당보이스피싱환급변호사,보피
분당보이스피싱환급상담,보피
용인보이스피싱환급변호사,보피
용인보이스피싱환급상담,보피
부천보이스피싱환급변호사,보피
부천보이스피싱환급상담,보피
안양보이스피싱환급변호사,보피
안양보이스피싱환급상담,보피
통장협박,보피
통장협박변호사,보피
통장협박전문변호사,보피
통장협박변호사상담,보피
통장협박상담,보피
통장협박처벌,보피
통장협박초범,보피
통장협박초범처벌,보피
통장협박합의,보피
통장협박합의금,보피
통장협박무혐의,보피
통장협박혐의없음,보피
통장협박집행유예,보피
통장협박집유,보피
통장협박벌금,보피
통장협박벌금형,보피
통장협박실형,보피
통장협박구속,보피
통장협박고소,보피
통장협박고소당함,보피
통장협박형량,보피
통장협박기소유예,보피
통장협박불기소,보피
통장협박경찰조사,보피
통장협박조사,보피
통장협박소환,보피
통장협박혐의,보피
통장협박선처,보피
통장협박탄원서,보피
통장협박반성문,보피
통장협박공탁,보피
통장협박재판,보피
통장협박무죄,보피
통장협박카톡상담,보피
통장협박전화상담,보피
통장협박비용,보피
통장협박수임료,보피
통장협박신상등록,보피
통장협박취업제한,보피
서울통장협박변호사,보피
서울통장협박상담,보피
강남통장협박변호사,보피
강남통장협박상담,보피
수원통장협박변호사,보피
수원통장협박상담,보피
성남통장협박변호사,보피
성남통장협박상담,보피
분당통장협박변호사,보피
분당통장협박상담,보피
용인통장협박변호사,보피
용인통장협박상담,보피
부천통장협박변호사,보피
부천통장협박상담,보피
안양통장협박변호사,보피
안양통장협박상담,보피
지급정지,보피
지급정지변호사,보피
지급정지전문변호사,보피
지급정지변호사상담,보피
지급정지상담,보피
지급정지처벌,보피
지급정지초범,보피
지급정지초범처벌,보피
지급정지합의,보피
지급정지합의금,보피
지급정지무혐의,보피
지급정지혐의없음,보피
지급정지집행유예,보피
지급정지집유,보피
지급정지벌금,보피
지급정지벌금형,보피
지급정지실형,보피
지급정지구속,보피
지급정지고소,보피
지급정지고소당함,보피
지급정지형량,보피
지급정지기소유예,보피
지급정지불기소,보피
지급정지경찰조사,보피
지급정지조사,보피
지급정지소환,보피
지급정지혐의,보피
지급정지선처,보피
지급정지탄원서,보피
지급정지반성문,보피
지급정지공탁,보피
지급정지재판,보피
지급정지무죄,보피
지급정지카톡상담,보피
지급정지전화상담,보피
지급정지비용,보피
지급정지수임료,보피
지급정지신상등록,보피
지급정지취업제한,보피
서울지급정지변호사,보피
서울지급정지상담,보피
강남지급정지변호사,보피
강남지급정지상담,보피
수원지급정지변호사,보피
수원지급정지상담,보피
성남지급정지변호사,보피
성남지급정지상담,보피
분당지급정지변호사,보피
분당지급정지상담,보피
용인지급정지변호사,보피
용인지급정지상담,보피
부천지급정지변호사,보피
부천지급정지상담,보피
안양지급정지변호사,보피
안양지급정지상담,보피
특수사기,금융
특수사기변호사,금융
특수사기전문변호사,금융
특수사기변호사상담,금융
특수사기상담,금융
특수사기처벌,금융
특수사기초범,금융
특수사기초범처벌,금융
특수사기합의,금융
특수사기합의금,금융
특수사기무혐의,금융
특수사기혐의없음,금융
특수사기집행유예,금융
특수사기집유,금융
특수사기벌금,금융
특수사기벌금형,금융
특수사기실형,금융
특수사기구속,금융
특수사기고소,금융
특수사기고소당함,금융
특수사기형량,금융
특수사기기소유예,금융
특수사기불기소,금융
특수사기경찰조사,금융
특수사기조사,금융
특수사기소환,금융
특수사기혐의,금융
특수사기선처,금융
특수사기탄원서,금융
특수사기반성문,금융
특수사기공탁,금융
특수사기재판,금융
특수사기무죄,금융
특수사기카톡상담,금융
특수사기전화상담,금융
특수사기비용,금융
특수사기수임료,금융
특수사기신상등록,금융
특수사기취업제한,금융
서울특수사기변호사,금융
서울특수사기상담,금융
강남특수사기변호사,금융
강남특수사기상담,금융
수원특수사기변호사,금융
수원특수사기상담,금융
성남특수사기변호사,금융
성남특수사기상담,금융
분당특수사기변호사,금융
분당특수사기상담,금융
용인특수사기변호사,금융
용인특수사기상담,금융
부천특수사기변호사,금융
부천특수사기상담,금융
안양특수사기변호사,금융
안양특수사기상담,금융
대출사기,금융
대출사기변호사,금융
대출사기전문변호사,금융
대출사기변호사상담,금융
대출사기상담,금융
대출사기처벌,금융
대출사기초범,금융
대출사기초범처벌,금융
대출사기합의,금융
대출사기합의금,금융
대출사기무혐의,금융
대출사기혐의없음,금융
대출사기집행유예,금융
대출사기집유,금융
대출사기벌금,금융
대출사기벌금형,금융
대출사기실형,금융
대출사기구속,금융
대출사기고소,금융
대출사기고소당함,금융
대출사기형량,금융
대출사기기소유예,금융
대출사기불기소,금융
대출사기경찰조사,금융
대출사기조사,금융
대출사기소환,금융
대출사기혐의,금융
대출사기선처,금융
대출사기탄원서,금융
대출사기반성문,금융
대출사기공탁,금융
대출사기재판,금융
대출사기무죄,금융
대출사기카톡상담,금융
대출사기전화상담,금융
대출사기비용,금융
대출사기수임료,금융
대출사기신상등록,금융
대출사기취업제한,금융
서울대출사기변호사,금융
서울대출사기상담,금융
강남대출사기변호사,금융
강남대출사기상담,금융
수원대출사기변호사,금융
수원대출사기상담,금융
성남대출사기변호사,금융
성남대출사기상담,금융
분당대출사기변호사,금융
분당대출사기상담,금융
용인대출사기변호사,금융
용인대출사기상담,금융
부천대출사기변호사,금융
부천대출사기상담,금융
안양대출사기변호사,금융
안양대출사기상담,금융
취업사기,금융
취업사기변호사,금융
취업사기전문변호사,금융
취업사기변호사상담,금융
취업사기상담,금융
취업사기처벌,금융
취업사기초범,금융
취업사기초범처벌,금융
취업사기합의,금융
취업사기합의금,금융
취업사기무혐의,금융
취업사기혐의없음,금융
취업사기집행유예,금융
취업사기집유,금융
취업사기벌금,금융
취업사기벌금형,금융
취업사기실형,금융
취업사기구속,금융
취업사기고소,금융
취업사기고소당함,금융
취업사기형량,금융
취업사기기소유예,금융
취업사기불기소,금융
취업사기경찰조사,금융
취업사기조사,금융
취업사기소환,금융
취업사기혐의,금융
취업사기선처,금융
취업사기탄원서,금융
취업사기반성문,금융
취업사기공탁,금융
취업사기재판,금융
취업사기무죄,금융
취업사기카톡상담,금융
취업사기전화상담,금융
취업사기비용,금융
취업사기수임료,금융
취업사기신상등록,금융
취업사기취업제한,금융
서울취업사기변호사,금융
서울취업사기상담,금융
강남취업사기변호사,금융
강남취업사기상담,금융
수원취업사기변호사,금융
수원취업사기상담,금융
성남취업사기변호사,금융
성남취업사기상담,금융
분당취업사기변호사,금융
분당취업사기상담,금융
용인취업사기변호사,금융
용인취업사기상담,금융
부천취업사기변호사,금융
부천취업사기상담,금융
안양취업사기변호사,금융
안양취업사기상담,금융
온라인사기,금융
온라인사기변호사,금융
온라인사기전문변호사,금융
온라인사기변호사상담,금융
온라인사기상담,금융
온라인사기처벌,금융
온라인사기초범,금융
온라인사기초범처벌,금융
온라인사기합의,금융
온라인사기합의금,금융
온라인사기무혐의,금융
온라인사기혐의없음,금융
온라인사기집행유예,금융
온라인사기집유,금융
온라인사기벌금,금융
온라인사기벌금형,금융
온라인사기실형,금융
온라인사기구속,금융
온라인사기고소,금융
온라인사기고소당함,금융
온라인사기형량,금융
온라인사기기소유예,금융
온라인사기불기소,금융
온라인사기경찰조사,금융
온라인사기조사,금융
온라인사기소환,금융
온라인사기혐의,금융
온라인사기선처,금융
온라인사기탄원서,금융
온라인사기반성문,금융
온라인사기공탁,금융
온라인사기재판,금융
온라인사기무죄,금융
온라인사기카톡상담,금융
온라인사기전화상담,금융
온라인사기비용,금융
온라인사기수임료,금융
온라인사기신상등록,금융
온라인사기취업제한,금융
서울온라인사기변호사,금융
서울온라인사기상담,금융
강남온라인사기변호사,금융
강남온라인사기상담,금융
수원온라인사기변호사,금융
수원온라인사기상담,금융
성남온라인사기변호사,금융
성남온라인사기상담,금융
분당온라인사기변호사,금융
분당온라인사기상담,금융
용인온라인사기변호사,금융
용인온라인사기상담,금융
부천온라인사기변호사,금융
부천온라인사기상담,금융
안양온라인사기변호사,금융
안양온라인사기상담,금융
중고나라사기,금융
중고나라사기변호사,금융
중고나라사기전문변호사,금융
중고나라사기변호사상담,금융
중고나라사기상담,금융
중고나라사기처벌,금융
중고나라사기초범,금융
중고나라사기초범처벌,금융
중고나라사기합의,금융
중고나라사기합의금,금융
중고나라사기무혐의,금융
중고나라사기혐의없음,금융
중고나라사기집행유예,금융
중고나라사기집유,금융
중고나라사기벌금,금융
중고나라사기벌금형,금융
중고나라사기실형,금융
중고나라사기구속,금융
중고나라사기고소,금융
중고나라사기고소당함,금융
중고나라사기형량,금융
중고나라사기기소유예,금융
중고나라사기불기소,금융
중고나라사기경찰조사,금융
중고나라사기조사,금융
중고나라사기소환,금융
중고나라사기혐의,금융
중고나라사기선처,금융
중고나라사기탄원서,금융
중고나라사기반성문,금융
중고나라사기공탁,금융
중고나라사기재판,금융
중고나라사기무죄,금융
중고나라사기카톡상담,금융
중고나라사기전화상담,금융
중고나라사기비용,금융
중고나라사기수임료,금융
중고나라사기신상등록,금융
중고나라사기취업제한,금융
서울중고나라사기변호사,금융
서울중고나라사기상담,금융
강남중고나라사기변호사,금융
강남중고나라사기상담,금융
수원중고나라사기변호사,금융
수원중고나라사기상담,금융
성남중고나라사기변호사,금융
성남중고나라사기상담,금융
분당중고나라사기변호사,금융
분당중고나라사기상담,금융
용인중고나라사기변호사,금융
용인중고나라사기상담,금융
부천중고나라사기변호사,금융
부천중고나라사기상담,금융
안양중고나라사기변호사,금융
안양중고나라사기상담,금융
당근사기,금융
당근사기변호사,금융
당근사기전문변호사,금융
당근사기변호사상담,금융
당근사기상담,금융
당근사기처벌,금융
당근사기초범,금융
당근사기초범처벌,금융
당근사기합의,금융
당근사기합의금,금융
당근사기무혐의,금융
당근사기혐의없음,금융
당근사기집행유예,금융
당근사기집유,금융
당근사기벌금,금융
당근사기벌금형,금융
당근사기실형,금융
당근사기구속,금융
당근사기고소,금융
당근사기고소당함,금융
당근사기형량,금융
당근사기기소유예,금융
당근사기불기소,금융
당근사기경찰조사,금융
당근사기조사,금융
당근사기소환,금융
당근사기혐의,금융
당근사기선처,금융
당근사기탄원서,금융
당근사기반성문,금융
당근사기공탁,금융
당근사기재판,금융
당근사기무죄,금융
당근사기카톡상담,금융
당근사기전화상담,금융
당근사기비용,금융
당근사기수임료,금융
당근사기신상등록,금융
당근사기취업제한,금융
서울당근사기변호사,금융
서울당근사기상담,금융
강남당근사기변호사,금융
강남당근사기상담,금융
수원당근사기변호사,금융
수원당근사기상담,금융
성남당근사기변호사,금융
성남당근사기상담,금융
분당당근사기변호사,금융
분당당근사기상담,금융
용인당근사기변호사,금융
용인당근사기상담,금융
부천당근사기변호사,금융
부천당근사기상담,금융
안양당근사기변호사,금융
안양당근사기상담,금융
미끼상품사기,금융
미끼상품사기변호사,금융
미끼상품사기전문변호사,금융
미끼상품사기변호사상담,금융
미끼상품사기상담,금융
미끼상품사기처벌,금융
미끼상품사기초범,금융
미끼상품사기초범처벌,금융
미끼상품사기합의,금융
미끼상품사기합의금,금융
미끼상품사기무혐의,금융
미끼상품사기혐의없음,금융
미끼상품사기집행유예,금융
미끼상품사기집유,금융
미끼상품사기벌금,금융
미끼상품사기벌금형,금융
미끼상품사기실형,금융
미끼상품사기구속,금융
미끼상품사기고소,금융
미끼상품사기고소당함,금융
미끼상품사기형량,금융
미끼상품사기기소유예,금융
미끼상품사기불기소,금융
미끼상품사기경찰조사,금융
미끼상품사기조사,금융
미끼상품사기소환,금융
미끼상품사기혐의,금융
미끼상품사기선처,금융
미끼상품사기탄원서,금융
미끼상품사기반성문,금융
미끼상품사기공탁,금융
미끼상품사기재판,금융
미끼상품사기무죄,금융
미끼상품사기카톡상담,금융
미끼상품사기전화상담,금융
미끼상품사기비용,금융
미끼상품사기수임료,금융
미끼상품사기신상등록,금융
미끼상품사기취업제한,금융
서울미끼상품사기변호사,금융
서울미끼상품사기상담,금융
강남미끼상품사기변호사,금융
강남미끼상품사기상담,금융
수원미끼상품사기변호사,금융
수원미끼상품사기상담,금융
성남미끼상품사기변호사,금융
성남미끼상품사기상담,금융
분당미끼상품사기변호사,금융
분당미끼상품사기상담,금융
용인미끼상품사기변호사,금융
용인미끼상품사기상담,금융
부천미끼상품사기변호사,금융
부천미끼상품사기상담,금융
안양미끼상품사기변호사,금융
안양미끼상품사기상담,금융
다단계,금융
다단계변호사,금융
다단계전문변호사,금융
다단계변호사상담,금융
다단계상담,금융
다단계처벌,금융
다단계초범,금융
다단계초범처벌,금융
다단계합의,금융
다단계합의금,금융
다단계무혐의,금융
다단계혐의없음,금융
다단계집행유예,금융
다단계집유,금융
다단계벌금,금융
다단계벌금형,금융
다단계실형,금융
다단계구속,금융
다단계고소,금융
다단계고소당함,금융
다단계형량,금융
다단계기소유예,금융
다단계불기소,금융
다단계경찰조사,금융
다단계조사,금융
다단계소환,금융
다단계혐의,금융
다단계선처,금융
다단계탄원서,금융
다단계반성문,금융
다단계공탁,금융
다단계재판,금융
다단계무죄,금융
다단계카톡상담,금융
다단계전화상담,금융
다단계비용,금융
다단계수임료,금융
다단계신상등록,금융
다단계취업제한,금융
서울다단계변호사,금융
서울다단계상담,금융
강남다단계변호사,금융
강남다단계상담,금융
수원다단계변호사,금융
수원다단계상담,금융
성남다단계변호사,금융
성남다단계상담,금융
분당다단계변호사,금융
분당다단계상담,금융
용인다단계변호사,금융
용인다단계상담,금융
부천다단계변호사,금융
부천다단계상담,금융
안양다단계변호사,금융
안양다단계상담,금융
자본시장법,금융
자본시장법변호사,금융
자본시장법전문변호사,금융
자본시장법변호사상담,금융
자본시장법상담,금융
자본시장법처벌,금융
자본시장법초범,금융
자본시장법초범처벌,금융
자본시장법합의,금융
자본시장법합의금,금융
자본시장법무혐의,금융
자본시장법혐의없음,금융
자본시장법집행유예,금융
자본시장법집유,금융
자본시장법벌금,금융
자본시장법벌금형,금융
자본시장법실형,금융
자본시장법구속,금융
자본시장법고소,금융
자본시장법고소당함,금융
자본시장법형량,금융
자본시장법기소유예,금융
자본시장법불기소,금융
자본시장법경찰조사,금융
자본시장법조사,금융
자본시장법소환,금융
자본시장법혐의,금융
자본시장법선처,금융
자본시장법탄원서,금융
자본시장법반성문,금융
자본시장법공탁,금융
자본시장법재판,금융
자본시장법무죄,금융
자본시장법카톡상담,금융
자본시장법전화상담,금융
자본시장법비용,금융
자본시장법수임료,금융
자본시장법신상등록,금융
자본시장법취업제한,금융
서울자본시장법변호사,금융
서울자본시장법상담,금융
강남자본시장법변호사,금융
강남자본시장법상담,금융
수원자본시장법변호사,금융
수원자본시장법상담,금융
성남자본시장법변호사,금융
성남자본시장법상담,금융
분당자본시장법변호사,금융
분당자본시장법상담,금융
용인자본시장법변호사,금융
용인자본시장법상담,금융
부천자본시장법변호사,금융
부천자본시장법상담,금융
안양자본시장법변호사,금융
안양자본시장법상담,금융
주가조작,금융
주가조작변호사,금융
주가조작전문변호사,금융
주가조작변호사상담,금융
주가조작상담,금융
주가조작처벌,금융
주가조작초범,금융
주가조작초범처벌,금융
주가조작합의,금융
주가조작합의금,금융
주가조작무혐의,금융
주가조작혐의없음,금융
주가조작집행유예,금융
주가조작집유,금융
주가조작벌금,금융
주가조작벌금형,금융
주가조작실형,금융
주가조작구속,금융
주가조작고소,금융
주가조작고소당함,금융
주가조작형량,금융
주가조작기소유예,금융
주가조작불기소,금융
주가조작경찰조사,금융
주가조작조사,금융
주가조작소환,금융
주가조작혐의,금융
주가조작선처,금융
주가조작탄원서,금융
주가조작반성문,금융
주가조작공탁,금융
주가조작재판,금융
주가조작무죄,금융
주가조작카톡상담,금융
주가조작전화상담,금융
주가조작비용,금융
주가조작수임료,금융
주가조작신상등록,금융
주가조작취업제한,금융
서울주가조작변호사,금융
서울주가조작상담,금융
강남주가조작변호사,금융
강남주가조작상담,금융
수원주가조작변호사,금융
수원주가조작상담,금융
성남주가조작변호사,금융
성남주가조작상담,금융
분당주가조작변호사,금융
분당주가조작상담,금융
용인주가조작변호사,금융
용인주가조작상담,금융
부천주가조작변호사,금융
부천주가조작상담,금융
안양주가조작변호사,금융
안양주가조작상담,금융
부정거래,금융
부정거래변호사,금융
부정거래전문변호사,금융
부정거래변호사상담,금융
부정거래상담,금융
부정거래처벌,금융
부정거래초범,금융
부정거래초범처벌,금융
부정거래합의,금융
부정거래합의금,금융
부정거래무혐의,금융
부정거래혐의없음,금융
부정거래집행유예,금융
부정거래집유,금융
부정거래벌금,금융
부정거래벌금형,금융
부정거래실형,금융
부정거래구속,금융
부정거래고소,금융
부정거래고소당함,금융
부정거래형량,금융
부정거래기소유예,금융
부정거래불기소,금융
부정거래경찰조사,금융
부정거래조사,금융
부정거래소환,금융
부정거래혐의,금융
부정거래선처,금융
부정거래탄원서,금융
부정거래반성문,금융
부정거래공탁,금융
부정거래재판,금융
부정거래무죄,금융
부정거래카톡상담,금융
부정거래전화상담,금융
부정거래비용,금융
부정거래수임료,금융
부정거래신상등록,금융
부정거래취업제한,금융
서울부정거래변호사,금융
서울부정거래상담,금융
강남부정거래변호사,금융
강남부정거래상담,금융
수원부정거래변호사,금융
수원부정거래상담,금융
성남부정거래변호사,금융
성남부정거래상담,금융
분당부정거래변호사,금융
분당부정거래상담,금융
용인부정거래변호사,금융
용인부정거래상담,금융
부천부정거래변호사,금융
부천부정거래상담,금융
안양부정거래변호사,금융
안양부정거래상담,금융
스미싱,금융
스미싱변호사,금융
스미싱전문변호사,금융
스미싱변호사상담,금융
스미싱상담,금융
스미싱처벌,금융
스미싱초범,금융
스미싱초범처벌,금융
스미싱합의,금융
스미싱합의금,금융
스미싱무혐의,금융
스미싱혐의없음,금융
스미싱집행유예,금융
스미싱집유,금융
스미싱벌금,금융
스미싱벌금형,금융
스미싱실형,금융
스미싱구속,금융
스미싱고소,금융
스미싱고소당함,금융
스미싱형량,금융
스미싱기소유예,금융
스미싱불기소,금융
스미싱경찰조사,금융
스미싱조사,금융
스미싱소환,금융
스미싱혐의,금융
스미싱선처,금융
스미싱탄원서,금융
스미싱반성문,금융
스미싱공탁,금융
스미싱재판,금융
스미싱무죄,금융
스미싱카톡상담,금융
스미싱전화상담,금융
스미싱비용,금융
스미싱수임료,금융
스미싱신상등록,금융
스미싱취업제한,금융
서울스미싱변호사,금융
서울스미싱상담,금융
강남스미싱변호사,금융
강남스미싱상담,금융
수원스미싱변호사,금융
수원스미싱상담,금융
성남스미싱변호사,금융
성남스미싱상담,금융
분당스미싱변호사,금융
분당스미싱상담,금융
용인스미싱변호사,금융
용인스미싱상담,금융
부천스미싱변호사,금융
부천스미싱상담,금융
안양스미싱변호사,금융
안양스미싱상담,금융
파밍,금융
파밍변호사,금융
파밍전문변호사,금융
파밍변호사상담,금융
파밍상담,금융
파밍처벌,금융
파밍초범,금융
파밍초범처벌,금융
파밍합의,금융
파밍합의금,금융
파밍무혐의,금융
파밍혐의없음,금융
파밍집행유예,금융
파밍집유,금융
파밍벌금,금융
파밍벌금형,금융
파밍실형,금융
파밍구속,금융
파밍고소,금융
파밍고소당함,금융
파밍형량,금융
파밍기소유예,금융
파밍불기소,금융
파밍경찰조사,금융
파밍조사,금융
파밍소환,금융
파밍혐의,금융
파밍선처,금융
파밍탄원서,금융
파밍반성문,금융
파밍공탁,금융
파밍재판,금융
파밍무죄,금융
파밍카톡상담,금융
파밍전화상담,금융
파밍비용,금융
파밍수임료,금융
파밍신상등록,금융
파밍취업제한,금융
서울파밍변호사,금융
서울파밍상담,금융
강남파밍변호사,금융
강남파밍상담,금융
수원파밍변호사,금융
수원파밍상담,금융
성남파밍변호사,금융
성남파밍상담,금융
분당파밍변호사,금융
분당파밍상담,금융
용인파밍변호사,금융
용인파밍상담,금융
부천파밍변호사,금융
부천파밍상담,금융
안양파밍변호사,금융
안양파밍상담,금융
가상자산사기,금융
가상자산사기변호사,금융
가상자산사기전문변호사,금융
가상자산사기변호사상담,금융
가상자산사기상담,금융
가상자산사기처벌,금융
가상자산사기초범,금융
가상자산사기초범처벌,금융
가상자산사기합의,금융
가상자산사기합의금,금융
가상자산사기무혐의,금융
가상자산사기혐의없음,금융
가상자산사기집행유예,금융
가상자산사기집유,금융
가상자산사기벌금,금융
가상자산사기벌금형,금융
가상자산사기실형,금융
가상자산사기구속,금융
가상자산사기고소,금융
가상자산사기고소당함,금융
가상자산사기형량,금융
가상자산사기기소유예,금융
가상자산사기불기소,금융
가상자산사기경찰조사,금융
가상자산사기조사,금융
가상자산사기소환,금융
가상자산사기혐의,금융
가상자산사기선처,금융
가상자산사기탄원서,금융
가상자산사기반성문,금융
가상자산사기공탁,금융
가상자산사기재판,금융
가상자산사기무죄,금융
가상자산사기카톡상담,금융
가상자산사기전화상담,금융
가상자산사기비용,금융
가상자산사기수임료,금융
가상자산사기신상등록,금융
가상자산사기취업제한,금융
서울가상자산사기변호사,금융
서울가상자산사기상담,금융
강남가상자산사기변호사,금융
강남가상자산사기상담,금융
수원가상자산사기변호사,금융
수원가상자산사기상담,금융
성남가상자산사기변호사,금융
성남가상자산사기상담,금융
분당가상자산사기변호사,금융
분당가상자산사기상담,금융
용인가상자산사기변호사,금융
용인가상자산사기상담,금융
부천가상자산사기변호사,금융
부천가상자산사기상담,금융
안양가상자산사기변호사,금융
안양가상자산사기상담,금융
선물거래사기,금융
선물거래사기변호사,금융
선물거래사기전문변호사,금융
선물거래사기변호사상담,금융
선물거래사기상담,금융
선물거래사기처벌,금융
선물거래사기초범,금융
선물거래사기초범처벌,금융
선물거래사기합의,금융
선물거래사기합의금,금융
선물거래사기무혐의,금융
선물거래사기혐의없음,금융
선물거래사기집행유예,금융
선물거래사기집유,금융
선물거래사기벌금,금융
선물거래사기벌금형,금융
선물거래사기실형,금융
선물거래사기구속,금융
선물거래사기고소,금융
선물거래사기고소당함,금융
선물거래사기형량,금융
선물거래사기기소유예,금융
선물거래사기불기소,금융
선물거래사기경찰조사,금융
선물거래사기조사,금융
선물거래사기소환,금융
선물거래사기혐의,금융
선물거래사기선처,금융
선물거래사기탄원서,금융
선물거래사기반성문,금융
선물거래사기공탁,금융
선물거래사기재판,금융
선물거래사기무죄,금융
선물거래사기카톡상담,금융
선물거래사기전화상담,금융
선물거래사기비용,금융
선물거래사기수임료,금융
선물거래사기신상등록,금융
선물거래사기취업제한,금융
서울선물거래사기변호사,금융
서울선물거래사기상담,금융
강남선물거래사기변호사,금융
강남선물거래사기상담,금융
수원선물거래사기변호사,금융
수원선물거래사기상담,금융
성남선물거래사기변호사,금융
성남선물거래사기상담,금융
분당선물거래사기변호사,금융
분당선물거래사기상담,금융
용인선물거래사기변호사,금융
용인선물거래사기상담,금융
부천선물거래사기변호사,금융
부천선물거래사기상담,금융
안양선물거래사기변호사,금융
안양선물거래사기상담,금융
촬영물유포,성범죄
불법촬영물유포,성범죄
촬영물협박,성범죄
허위영상물,성범죄
허위영상물편집,성범죄
아동성착취물,성범죄
성착취물소지,성범죄
사문서위조죄,형사
성남형사전문변호사,형사
부천형사전문변호사,형사
형사변호사선임비용,형사
공문서위조죄,형사
횡령공소시효,형사
스토킹벌금,형사
모해위증죄,형사
사문서위조공소시효,형사
서울형사변호사,형사
스토킹합의금,형사
손괴죄,형사
무고죄공소시효,형사
사이버모욕죄,형사
형사사건변호사수임료,형사
위조사문서행사죄,형사
횡령죄공소시효,형사
위조지폐처벌,형사
성폭행무고죄,형사
업무방해공소시효,형사
배임증재죄,형사
부천형사변호사,형사
공금횡령공소시효,형사
점유이탈횡령죄,형사
배임죄공소시효,형사
사이버모욕죄고소,형사
배임공소시효,형사
성희롱형사처벌,형사
형사고소장작성,형사
문서위조죄,형사
분당형사변호사,형사
분당형사전문변호사,형사
공금횡령변호사,형사
배임횡령공소시효,형사
군형사사건,형사
무고교사죄,형사
사문서위조고소장,형사
사문서위조고소,형사
사문서위조변조죄,형사
공금횡령고소장,형사
위증고소장,형사
재물손괴변호사,형사
형사법변호사,형사
수원형사,형사
영등포형사변호사,형사
폭행공소시효,폭행
특수폭행죄,폭행
학폭행정사,폭행
폭행상해죄,폭행
상해죄처벌,상해
특수상해합의금,상해
상해치사죄,상해
상해죄벌금,상해
특수상해벌금,상해
상해죄합의금,상해
상해고소,상해
강도상해죄,상해
공연음란죄,성범죄
성추행처벌,성범죄
강제추행죄,성범죄
미성년자성범죄,성범죄
몰카범처벌,성범죄
아청법집행유예,성범죄
성추행합의금,성범죄
통매음합의금,성범죄
강제추행합의금,성범죄
의정부성범죄변호사,성범죄
준강간변호사,성범죄
공연음란죄처벌,성범죄
서울성범죄변호사,성범죄
성범죄변호사선임비용,성범죄
카메라이용촬영죄,성범죄
강제추행공소시효,성범죄
군인성범죄,성범죄
성폭행사건,성범죄
통신매체음란죄,성범죄
강제추행처벌,성범죄
성매매공소시효,성범죄
성폭행합의금,성범죄
성추행처벌수위,성범죄
불법촬영죄,성범죄
불법촬영변호사,성범죄
안산강제추행변호사,성범죄
안산성범죄변호사,성범죄
준강간고소,성범죄
통매음고소방법,성범죄
서울성추행변호사,성범죄
강제추행죄처벌,성범죄
강제추행친고죄,성범죄
성폭행처벌,성범죄
수원통매음,성범죄
강간죄공소시효,성범죄
통매음고소장,성범죄
군성범죄,성범죄
추행죄,성범죄
몰카죄,성범죄
법무법인성범죄,성범죄
성추행고소기간,성범죄
게임통매음고소,성범죄
의료인성범죄,성범죄
성범죄전담변호사,성범죄
성폭행고소취하,성범죄
수원성범죄전문,성범죄
친족간성범죄,성범죄
통매음고소장작성,성범죄
성범죄피해변호사,성범죄
사기죄공소시효,금융
혼인빙자사기죄,금융
사기방조죄,금융
보험사기초범,금융
사기고소절차,금융
소송사기죄,금융
유사수신행위처벌,금융
사기고소장양식,금융
사기형사고소,금융
코인전문변호사,금융
변호사사기,금융
사기미수죄,금융
사기죄고소절차,금융
사기사건공소시효,금융
사기죄형사고소,금융
오산전세사기,금융
코인변호사,금융
사기죄고소장쓰는법,금융
사기피해변호사,금융
사기죄의공소시효,금융
가상자산변호사,금융
중고차사기변호사,금융
부동산사기전문변호사,금융
유사수신변호사,금융
중고거래사기변호사,금융
금천구전세사기,금융
유사수신전문변호사,금융
게임사기변호사,금융
비트코인변호사,금융
오산전세사기변호사,금융
유사투자자문업변호사,금융
성남시재개발,부동산
임대차전문변호사,부동산
재건축전문변호사,부동산
부천부동산변호사,부동산
부천부동산전문변호사,부동산
부동산변호사상담비용,부동산
재건축변호사,부동산
안양부동산전문변호사,부동산
평택부동산전문변호사,부동산
부동산계약변호사,부동산
안양부동산변호사,부동산
임대차분쟁변호사,부동산
유치권변호사,부동산
부동산매매변호사,부동산
변호사부동산,부동산
재개발재건축변호사,부동산
임대차보호법변호사,부동산
상가임대차보호법변호사,부동산
재개발재건축전문변호사,부동산
수원임대차변호사,부동산
유치권전문변호사,부동산
토지수용행정사,부동산
출입국행정사,외국인
미국비자변호사,외국인
비자행정사,외국인
외국인행정사,외국인
비자변호사,외국인
결혼비자행정사,외국인
외국인비자행정사,외국인
수원출입국행정사,외국인
F6비자행정사,외국인
비자전문변호사,외국인
비자전문행정사,외국인
서울출입국행정사,외국인
E7비자행정사,외국인
건설업변호사,건설
촉법소년처벌,학폭
남양주학교폭력변호사,학폭
소년범죄,학폭
수원학교폭력변호사,학폭
소년보호사건,학폭
학교폭력처벌,학폭
청소년범죄처벌,학폭
학교폭력행정사,학폭
소년재판변호사,학폭
학교폭력형사고소,학폭
소년사건,학폭
수원학폭변호사,학폭
청소년변호사,학폭
소년법전문변호사,학폭
학교폭력합의금,학폭
소년법변호사,학폭
청소년전문변호사,학폭
의정부학교폭력변호사,학폭
수원학폭전문변호사,학폭
학교폭력가해자변호사,학폭
소년형사사건,학폭
의정부학폭변호사,학폭
수원학교폭력전문변호사,학폭
학폭전문행정사,학폭
안산학교폭력변호사,학폭
일산학폭변호사,학폭
학폭관련변호사,학폭
성남학폭변호사,학폭
동탄학폭변호사,학폭
분당학폭변호사,학폭
학교폭력전문행정사,학폭
학교폭력위원회변호사,학폭
안산학교폭력,학폭
촉법소년변호사,학폭
행정사학교폭력,학폭
부천학교폭력전문변호사,학폭
접촉사고합의금,교통사고
일반교통방해죄,교통사고
교통사고통원치료합의금,교통사고
합의금,교통사고
음주뺑소니처벌,교통사고
12대중과실합의금,교통사고
무면허처벌,교통사고
교통사고벌금,교통사고
교통사고변호사비용,교통사고
교통사고형사처벌,교통사고
의정부교통사고전문변호사,교통사고
교통사고피해자변호사,교통사고
음주뺑소니합의금,교통사고
교통사고소송비용,교통사고
교통사고12주합의금,교통사고
서울교통사고전문변호사,교통사고
교통사고전문변호사상담,교통사고
교통사고형사사건,교통사고
무면허운전변호사,교통사고
교통사망사고합의금,교통사고
교통사고소멸시효,교통사고
집행유예중무면허운전,교통사고
집행유예무면허,교통사고
교통사고사망사건,교통사고
교통범죄,교통사고
무면허변호사,교통사고
교통사고피해자전문변호사,교통사고
군무이탈죄,군범죄
군검사변호사,군범죄
도박처벌,도박
도박죄,도박
불법도박벌금,도박
도박장개설죄,도박
도박개장죄,도박
도박방조죄,도박
도박공간개설죄,도박
도박죄공소시효,도박
토토변호사,도박
이혼소송변호사,이혼
서초이혼전문변호사,이혼
이혼소송변호사비용,이혼
상간소송전문변호사,이혼
성남이혼변호사,이혼
이혼상담변호사,이혼
이혼소송전문변호사,이혼
동탄이혼변호사,이혼
상간소송피고변호사,이혼
가정폭력고소,이혼
서초동이혼전문변호사,이혼
광교이혼변호사,이혼
이혼전문여자변호사,이혼
여자이혼변호사,이혼
양산이혼변호사,이혼
평택이혼,이혼
상간녀피고변호사,이혼
이혼소송변호사상담,이혼
상간피고변호사,이혼
일산상간녀소송,이혼
양재이혼변호사,이혼
이혼전담변호사,이혼
사실혼이혼변호사,이혼
이혼항소변호사,이혼
상간녀피고소송,이혼
교대역이혼전문변호사,이혼
동탄이혼,이혼
안양이혼,이혼
상간녀소송피고변호사,이혼
문정동이혼변호사,이혼
상간자변호사,이혼
이혼사건,이혼
이혼항소전문변호사,이혼
상간남피고변호사,이혼
의료소송변호사,의료분쟁
의료사고전문변호사,의료분쟁
의료사고변호사,의료분쟁
의료법변호사,의료분쟁
의료사고소송,의료분쟁
의료변호사,의료분쟁
의료분쟁변호사,의료분쟁
의료법전문변호사,의료분쟁
의료법위반변호사,의료분쟁
의료분쟁전문변호사,의료분쟁
의료사고형사고소,의료분쟁
아파트매매변호사,하자보수
누수분쟁전문변호사,하자보수
누수분쟁변호사,하자보수
재심전문변호사,메인
24시변호사상담,메인
24시법률상담,메인
항소심변호사,메인
지급명령변호사,메인
상고변호사비용,메인
고소장작성변호사,메인
야간변호사상담,메인
주말법률상담,메인
사이버법률상담,메인
차용증변호사,메인
형사법률상담,메인
강제집행변호사비용,메인
고소전문변호사,메인
소송전문변호사,메인
갑질변호사,메인
선거법위반변호사,메인
항소심전문변호사,메인
